id,domain,status,purchase_price,renewal_price,attractiveness,demand,length,registrar,created_at,expires_at,status_verified_at
727f04aa-8b2b-42df-9a26-7e9b4c5a0a32,eyed.blog,premium,65,260,high,low,4,namecheap,,,17/08/2026 20:00
da230486-f5f3-43da-89a0-8d1bb3d2972d,trousers.blog,premium,160,640,high,low,8,namesilo,,,
53cb8b2f-2be9-44b2-93bf-123caf467f91,legs.blog,premium,53.92,242,high,low,4,namesilo,,,
e022b099-69e0-414c-b54f-1060b02f1003,hie.blog,premium,1625,6500,medium,low,3,namecheap,,,09/09/2026 19:49
4ed1d301-d59f-41ab-b06f-a96d56ce804d,slavery.blog,premium,640,2660,high,low,7,namesilo,,,10/09/2026 10:30
585a6007-e90b-418b-b8b6-945a44a7f70d,argosy.blog,available,4.29,22.99,medium,low,6,namesilo,,,20/09/2026 04:43
c4cd7ea4-58a0-4412-b764-80aa4381f813,lutzen.blog,available,4.29,22.99,medium,low,6,namesilo,,,22/09/2026 15:24
1c8fa365-3814-468d-bef9-198b30550190,pyramidal.blog,available,2.98,32.98,medium,low,9,namecheap,,,09/09/2026 06:55
eb0ec3d9-b4e5-4236-834f-3c303c9df46e,note.blog,premium,646.25,,high,low,4,name.com,,,
db6c162a-47ed-4807-b791-9e11235ec91a,devotee.blog,available,2.98,32.98,high,low,7,namecheap,,,11/08/2026 07:49
9236ade3-2679-449f-bd6a-a4f7988ea2bb,palsied.blog,available,2.98,32.98,medium,low,7,namecheap,,,05/09/2026 00:19
dedd9e24-d6cc-4753-87db-aacd534cc466,choice.blog,premium,640,2660,high,low,6,namesilo,,,22/09/2026 02:45
3d348e68-8528-409d-9f69-e22ed3fe412e,angle.blog,premium,640,2660,high,low,5,namesilo,,,25/09/2026 13:22
79a7e355-0839-4058-a2a0-98c2d88cff9a,innately.blog,available,2.98,32.98,medium,low,8,namecheap,,,15/09/2026 08:27
0f51b437-19ef-4bcc-9aed-bf3bdc9892d7,later.blog,premium,650,2600,high,low,5,namecheap,,,21/09/2026 22:11
8387d582-5ced-42e1-b3c7-e1d20af3f149,nitrogen.blog,available,5.99,37.99,high,low,8,name.com,,,20/09/2026 23:37
c5fcb2a1-aa63-42e0-a466-1d83fffa6b98,gloriously.blog,available,2.98,32.98,medium,low,10,namecheap,,,14/09/2026 21:45
2023c8e6-8db0-4b8c-aebe-69ea36675d90,lynchpin.blog,available,4.29,22.99,high,low,8,namesilo,,,21/09/2026 15:18
dcdf10b3-1648-49f6-9579-f06acb2c10cd,carnegie.blog,available,4.29,22.99,high,low,8,namesilo,,,19/09/2026 04:42
02d48ca5-8b16-4da1-9ab0-0f6758dd6d88,laws.blog,available,,,high,low,4,,,,
f2842b69-a7b9-420e-b6df-687fc5880cea,acrid.blog,available,2.98,32.98,medium,low,5,namecheap,,,
9083bdaa-a778-42c8-a67c-b4d6ba1d73ac,whale.blog,premium,160,640,high,low,5,namesilo,,,
9db0ceb4-592e-4bbb-9deb-a70bbbc93789,wastebin.blog,available,4.29,22.99,medium,low,8,namesilo,,,20/09/2026 13:38
c1d12ddc-95f8-42a6-9dca-0468f653a393,bisque.blog,available,4.29,22.99,high,low,6,namesilo,,,23/09/2026 22:05
49230509-db51-457a-84a6-58d6f6ecf51f,brush.blog,premium,53.92,0.99,high,low,5,namesilo,,,
71a23619-6e3c-4612-9471-ccc82f15fa68,apanage.blog,available,4.29,22.99,medium,low,7,namesilo,,,19/09/2026 16:12
ac48c19e-baed-4149-a513-b0f9bb02d4b8,seaborgium.blog,available,4.29,22.99,medium,low,10,namesilo,,,20/09/2026 22:06
a9d5e03d-f840-4ea0-9ec8-78c260e1c0d9,backblast.blog,available,2.98,32.98,medium,low,9,namecheap,,,21/09/2026 14:26
298ffe22-6abb-4d79-8c96-0b07d816137a,unhampered.blog,available,2.98,32.98,medium,low,10,namecheap,,,12/09/2026 11:51
b5776ed6-8630-4d8f-bb46-ee414a6e9031,head.blog,premium,640,2660,high,low,4,namesilo,,,23/09/2026 14:18
dc41d93f-987b-497d-8bf7-9c08a1391ef3,roughneck.blog,available,2.98,32.98,medium,low,9,namecheap,,,11/08/2026 08:43
b8c35632-2912-4218-87be-7a1172234032,stretched.blog,available,2.98,32.98,medium,low,9,namecheap,,,10/09/2026 22:34
e7abeebe-47d9-46e2-9567-e1a936ebddc6,untanned.blog,available,2.98,32.98,medium,low,8,namecheap,,,12/09/2026 21:00
b60fe4a5-8be5-4751-99ab-d2f174d458ed,luxuriant.blog,available,2.98,32.98,high,low,9,namecheap,,,15/08/2026 22:14
e611d1fa-d045-4426-a022-f08d24a20c9f,anchorman.blog,available,4.29,22.99,high,low,9,namesilo,,,19/09/2026 03:46
bd33425d-72d7-468e-988f-d5a14967aae6,abdominal.blog,available,4.29,22.99,high,low,9,namesilo,,,21/09/2026 13:47
3d47edff-1127-4895-a168-965764b2b2ab,cake.blog,premium,1662.5,6900,high,low,4,namesilo,,,27/09/2026 02:19
6c9e3673-0853-465d-b216-0678b3f2f0eb,transonic.blog,available,2.98,32.98,medium,low,9,namecheap,,,10/09/2026 14:11
20f379f6-ad0e-44be-8eac-40ba852f2104,blamed.blog,available,2.98,32.98,medium,low,6,namecheap,,,10/08/2026 12:39
1cb582c4-54a4-4a80-91c4-3a202ed38004,wafers.blog,available,2.98,32.98,medium,low,6,namecheap,,,20/09/2026 21:54
f1be225b-c487-4665-ba03-b0af534b2970,tuxedo.blog,premium,650,2600,high,low,6,namecheap,,,24/09/2026 01:52
0ed247ae-e6b7-4e0c-809a-36840642c3c3,gran.blog,premium,1583.75,,high,low,4,name.com,,,
7e64a68a-a816-49ac-a116-8cda9c520c1c,embassador.blog,available,4.29,22.99,medium,low,10,namesilo,,,18/09/2026 16:29
9cd79d5c-a8a1-4c79-9aa0-944b52109d9d,unbacked.blog,available,2.98,32.98,high,medium,8,namecheap,,,10/09/2026 08:27
7900d101-33b2-4e98-b25a-daf046e373f7,replacement.blog,premium,53.92,242,high,low,11,namesilo,,,
1924f683-f963-4581-b391-ca77c93ca227,london.blog,premium,15646.25,,high,medium,6,name.com,,,
fdd92797-88f9-40b6-8236-f0d51198929a,dialectal.blog,available,2.98,32.98,medium,low,9,namecheap,,,14/08/2026 05:48
237cfde0-4937-4615-a3e5-d020b3247476,daughter.blog,premium,175.7,700,high,low,8,namecheap,,,
86859585-bbe1-400a-9cf3-e03bd913e6c4,horses.blog,premium,650,2600,medium,low,6,namecheap,,,17/09/2026 09:06
0d723ea7-6282-4a78-936f-0e43502ea6a1,hbo.blog,premium,1583.75,,high,medium,3,name.com,,,
d7f3bf73-e6b1-40c9-b795-ea5243e3279e,thermal.blog,premium,53.92,242,high,low,7,namesilo,,,23/09/2026 12:37
31ad84df-7c2f-48ac-a45a-5db1946338e4,together.blog,premium,160,0.99,high,medium,8,namesilo,,,
67928269-aa9e-4841-8e0d-357a36da11cd,ail.blog,premium,162.5,650,medium,low,3,namecheap,,,17/09/2026 21:05
bdafbb30-1f4a-4b26-9092-318ad860412b,alton.blog,premium,65,260,high,low,5,namecheap,,,27/09/2026 07:13
f8555857-dc3e-46a9-8e21-bd1b803bd3b7,advection.blog,available,4.29,22.99,medium,low,9,namesilo,,,17/09/2026 10:31
c09c48d1-4e5f-4823-8890-a683c5b192b6,vein.blog,premium,175.7,700,high,low,4,namecheap,,,
66493da1-ee3e-4460-b0d9-026a2967a9b8,unworried.blog,available,2.98,32.98,medium,low,9,namecheap,,,11/08/2026 19:03
4ac38db9-9a3f-475f-8eec-1542eb6ccbce,lies.blog,premium,175,700,high,low,4,namecheap,,,
74474eb1-4ed1-4d7c-845d-88c7a69d9d79,mgm.blog,premium,640,2660,high,low,3,namesilo,,,25/09/2026 13:30
81a2fb8c-ab54-405c-994e-e2ea8895041f,bigram.blog,available,4.29,22.99,medium,low,6,namesilo,,,23/09/2026 15:24
213917b3-2746-4c05-99f5-b01455d8b6b9,fear.blog,premium,640,2660,high,low,4,namesilo,,,24/09/2026 12:06
28274e04-4e08-41b2-b8ff-6ed5c2422d99,warming.blog,premium,53.92,242,high,low,7,namesilo,,,11/08/2026 14:09
979e335d-4658-403a-b60b-2838fe3fcea5,raccoon.blog,premium,175.7,700,high,low,7,namecheap,,,
461738b3-e70c-4ba5-898f-b1841d31ac99,wanton.blog,available,2.98,32.98,medium,low,6,namecheap,,,25/08/2026 07:57
fc84e6ea-0096-42ec-9e20-749ea19830f9,kin.blog,premium,640,2660,high,low,3,namesilo,,,22/08/2026 16:00
d4b363ba-bad6-4f10-a4ef-329795012729,courtroom.blog,available,4.29,22.99,high,low,9,namesilo,,,
c5656f87-9545-46ce-8a66-ca425ed1198e,evansville.blog,premium,53.92,242,medium,low,10,namesilo,,,28/09/2026 01:52
74124113-fee2-4da8-846c-abf305fe4e64,matthew.blog,premium,640,2660,high,low,7,namesilo,,,25/09/2026 06:38
1077f5df-2228-45ef-b830-e568f5e61bce,zdv.blog,premium,160,640,medium,low,3,namesilo,,,21/09/2026 11:32
978eda42-c380-4e3f-b486-ca78d93406c4,algebraic.blog,available,,,high,low,9,,,,
a9c0aa27-22e0-4de2-938e-2ef2ee253176,biochemist.blog,available,2.98,32.98,high,low,10,namecheap,,,23/09/2026 17:44
e8beaae9-e9bd-4a60-9692-a2648fa960f1,piece.blog,premium,160,640,high,low,5,namesilo,,,20/09/2026 09:57
37925a2f-6648-40ae-bc6d-ffed2ebc0e74,anew.blog,available,2.98,32.98,high,low,4,namecheap,,,13/09/2026 18:03
788b3559-ad20-4e51-9201-6ba5fdf0d92a,maturely.blog,available,2.98,32.98,medium,low,8,namecheap,,,15/09/2026 13:40
5760127e-37fd-4bbb-afc4-e9e29555e6b8,limited.blog,premium,53.92,242,high,low,7,namesilo,,,23/09/2026 14:41
ac1311e3-d705-49fc-b89b-1c4efdb75d17,anticancer.blog,available,4.29,22.99,high,low,10,namesilo,,,22/09/2026 06:38
82c5b43b-6313-4c95-90ed-1ce4bcee35a0,sibylline.blog,available,2.98,32.98,medium,low,9,namecheap,,,11/08/2026 12:20
9867807f-5ec6-4950-831a-d192ac8fc48a,analyst.blog,premium,160,0.99,high,low,7,namesilo,,,
94950c43-b986-484a-97ac-46ac5bd16a46,astounded.blog,available,4.29,22.99,high,low,9,namesilo,,,22/09/2026 03:42
1b4c5f0e-12b7-4e8c-867d-6b5447e2e682,subjective.blog,available,4.29,22.99,high,low,10,namesilo,,,25/09/2026 07:50
068d4d67-eac6-46a4-8b9b-11f20b9186b3,tow.blog,premium,640,2660,high,low,3,namesilo,,,
31461489-b3e5-4e48-84c2-e68c9a6908be,abettor.blog,available,4.29,22.99,medium,low,7,namesilo,,,16/09/2026 15:19
635abc22-4728-403e-a3db-25eabfe6508f,speedup.blog,available,4.29,22.99,high,low,8,namesilo,,,
1ebc0c56-40cc-491f-bebb-d7a898b76739,peopled.blog,available,2.98,32.98,medium,low,7,namecheap,,,08/09/2026 15:32
685a734b-10cb-4517-a60f-ef3df97d1e2a,gnomish.blog,available,2.98,32.98,medium,low,7,namecheap,,,20/08/2026 15:45
8d333b5d-1aaa-40b7-9c02-150dbb65ec23,screen.blog,premium,162.5,650,high,low,6,namecheap,,,23/09/2026 16:32
1e424013-003b-42ec-873e-add8ddb8d194,tussle.blog,available,2.98,32.98,high,medium,6,namecheap,,,09/09/2026 18:55
584e1b1a-1413-4788-b7e1-713a975b1be4,tashkent.blog,available,4.29,22.99,medium,low,8,namesilo,,,24/09/2026 12:32
cb08caec-7fa1-4c33-8f4f-73fe35d81be9,occasion.blog,available,4.29,22.99,high,low,8,namesilo,,,
0983a70c-2eec-4e28-b1a6-8e7cbe42b621,fargo.blog,premium,160,640,high,low,5,namesilo,,,25/09/2026 22:42
22c066a8-ab9d-4c36-b9c1-0cc5ab057966,soaking.blog,available,2.98,32.98,medium,low,7,namecheap,,,14/09/2026 14:28
f046e546-6b0b-46c6-acae-72f51b89fcbb,baseline.blog,resell,,,high,low,8,"Go Daddy, LLC",01/02/2026 02:59,01/02/2027 02:59,26/09/2026 04:17
0a362e9a-eccc-4ba8-b3ca-834d5415c6e0,meredith.blog,premium,160,640,high,low,8,namesilo,,,25/09/2026 06:29
a9110a5f-7001-45b5-affd-c9078ede7da5,funds.blog,premium,53.92,0.99,high,low,5,namesilo,,,
4f9dbde4-2d1f-479e-9ee0-4df1994b5a53,unsound.blog,available,4.29,22.99,medium,low,7,namesilo,,,24/09/2026 16:24
235110aa-3aae-459c-b545-03b4f7b0aaa1,adscript.blog,available,2.98,32.98,medium,low,8,namecheap,,,
1d4bed8b-cd9b-41b4-993e-d2490a533e5c,veined.blog,available,2.98,32.98,medium,low,6,namecheap,,,13/09/2026 01:53
0919a877-d961-4fcd-8f4a-753deece7793,nutrition.blog,premium,650,2600,high,low,9,namecheap,,,18/09/2026 07:53
9f432584-0204-4a9f-91f4-ca1e4c1dd012,briss.blog,available,4.29,22.99,medium,low,5,namesilo,,,23/09/2026 09:30
a859b87b-0f75-4134-9426-cac3107ef599,squanderer.blog,available,2.98,32.98,medium,low,10,namecheap,,,09/09/2026 02:39
bd6ed233-822c-410f-b0bd-de7579568f0c,plastered.blog,available,2.98,32.98,medium,low,9,namecheap,,,09/08/2026 15:43
80511c6d-29f8-428b-be7a-71f47c59c12b,beach.blog,premium,640,0.99,high,low,5,namesilo,,,
8f6e702a-54ed-4095-9e73-96c269fc0291,specified.blog,available,2.98,32.98,high,medium,9,namecheap,,,10/09/2026 15:25
a59fe458-faa0-447c-8139-4113492c15e2,works.blog,premium,650,2600,high,low,5,namecheap,,,24/09/2026 21:13
bcfae2ce-d245-440d-a826-5b0de2dc1754,acervate.blog,available,2.98,32.98,medium,low,8,namecheap,,,
82eb419a-813f-4cda-b707-64fec8ef75e4,barograph.blog,available,4.29,22.99,medium,low,9,namesilo,,,22/09/2026 06:59
7a20e020-c116-4467-b351-066cd00e4d3d,swinburne.blog,available,4.29,22.99,medium,low,9,namesilo,,,18/09/2026 07:03
42b05a30-f0ec-481f-a693-4caec8e04c53,pathogenic.blog,available,2.98,32.98,medium,low,10,namecheap,,,22/08/2026 04:17
b9390938-5e5a-4184-9bb5-1d7f40aab11a,biaxal.blog,available,2.98,32.98,medium,low,6,namecheap,,,09/08/2026 18:46
89e7fbc7-bd65-47ed-9ea9-71622c355df9,playfield.blog,available,4.29,22.99,high,low,9,namesilo,,,
74e86547-2db9-42ae-8dd8-4d64d55f68d4,oppressive.blog,available,2.98,32.98,medium,low,10,namecheap,,,04/09/2026 16:52
ae0bef2b-79c1-4388-baf7-142de270fe27,stewardess.blog,available,2.98,32.98,high,low,10,namecheap,,,17/09/2026 22:26
a9eba1cd-d558-4e51-bd3d-d97e1f1c77b7,cyril.blog,premium,160,640,medium,low,5,namesilo,,,25/09/2026 04:29
58305cbe-e708-42da-a32f-014975305f8b,expert.blog,premium,640,2660,high,low,6,namesilo,,,23/09/2026 15:34
38102597-241c-4727-b6d8-8fc830835659,occurrent.blog,available,2.98,32.98,medium,low,9,namecheap,,,04/09/2026 00:18
efad6673-45fd-4cf6-9cc0-9d024a2a9cea,inimical.blog,available,2.98,32.98,medium,low,8,namecheap,,,22/08/2026 05:20
30ead5ab-2425-450a-825e-d0e65df36aab,enjoyed.blog,available,4.29,22.99,medium,low,7,namesilo,,,25/09/2026 20:42
f7ace01d-51a6-465a-9150-3316fd2dd6c7,potpourri.blog,available,2.98,32.98,medium,low,9,namecheap,,,25/08/2026 08:24
cf97fe68-17f4-4e72-a9ac-624581371b2b,ixl.blog,premium,640,2660,medium,low,3,namesilo,,,
800613cf-f47e-4e8e-850c-f008f191792f,oxygen.blog,premium,160,0.99,high,low,6,namesilo,,,
8862deb4-0af6-46db-a924-4465c2aada70,pedantic.blog,available,2.98,32.98,medium,low,8,namecheap,,,14/08/2026 15:55
130773fc-0a7c-4bf9-b838-949ea05d4eeb,nobelium.blog,available,4.29,22.99,medium,low,8,namesilo,,,20/09/2026 21:58
2c9b0855-b854-4214-a135-dc6293e6f78c,detective.blog,premium,53.92,242,high,low,9,namesilo,,,
da16e627-440d-4b61-9c7f-42ab1c7c3fb5,sun.blog,premium,3146.25,,high,medium,3,name.com,,,
a4b51913-899a-492b-95d2-67ee1eeb41ab,axile.blog,available,2.98,32.98,medium,low,5,namecheap,,,08/08/2026 01:56
e6362257-f8e4-4a9a-b4c7-0bb7d0b7592c,oncologic.blog,available,2.98,32.98,medium,low,9,namecheap,,,04/09/2026 14:25
0f0a5bae-a77e-4a28-93fc-122afe6cff71,kind.blog,premium,640,2660,high,low,4,namesilo,,,25/09/2026 12:40
8b652f78-5921-4586-861c-5e1897d96440,low.blog,premium,640,2660,high,low,3,namesilo,,,21/09/2026 13:54
e5a22dd1-0359-4381-9366-0c8298ad88fe,underarm.blog,available,2.98,32.98,medium,low,8,namecheap,,,12/09/2026 07:21
f531146a-b91b-45a2-86e4-2d080c26db1c,tiro.blog,available,4.29,22.99,medium,low,4,namesilo,,,23/09/2026 02:28
3cb5e24a-7867-4274-ab44-d0a2f5454fc2,archibald.blog,available,4.29,22.99,medium,low,9,namesilo,,,25/09/2026 18:45
c5424329-468f-44d6-b615-f24594bf5cbb,caitiff.blog,available,2.98,32.98,low,low,7,namecheap,,,11/08/2026 13:26
36f3eb43-37f5-4f4c-b145-bcbaf3c652c5,campanula.blog,available,4.29,22.99,high,low,9,namesilo,,,23/09/2026 06:05
59aee74a-6f4b-4270-b0a0-01225cf850b3,dubnium.blog,available,2.98,32.98,medium,low,7,namecheap,,,20/09/2026 22:04
ad3b051d-0d6a-4da6-ad16-aa3de76907bd,appal.blog,available,4.29,22.99,medium,low,5,namesilo,,,18/09/2026 01:52
ff871a83-4646-4a13-9d53-9e62b3b8109d,penciled.blog,available,2.98,32.98,high,low,8,namecheap,,,08/09/2026 13:55
ecaed485-5a94-4de4-9219-c76257146200,barcarolle.blog,available,4.29,22.99,medium,low,10,namesilo,,,22/09/2026 05:06
7c0394e9-1752-406f-8daa-d95d063d6be2,antabuse.blog,available,4.29,22.99,medium,low,8,namesilo,,,19/09/2026 12:24
ca71eb70-f0a9-4819-bd04-1ad027c65340,soporific.blog,available,2.98,32.98,medium,low,9,namecheap,,,21/08/2026 16:58
8240d998-3b64-4aba-ae10-aa77c4e5cc11,greene.blog,premium,53.92,242,high,low,6,namesilo,,,25/09/2026 06:41
2b4e1766-7f28-40df-be14-e7129493283c,accepted.blog,available,2.98,32.98,high,low,8,namecheap,,,21/09/2026 15:25
c17b778d-a631-46d7-a9ad-070f851553b0,energetic.blog,available,2.98,32.98,high,low,9,namecheap,,,17/08/2026 05:58
ec4d5cfa-ec9e-4080-896c-c750fbf9e3b7,shorted.blog,available,4.29,22.99,medium,low,7,namesilo,,,20/09/2026 16:13
ef3f910a-4e20-4b34-8de4-4051c188acb3,excitable.blog,available,2.98,32.98,medium,low,9,namecheap,,,17/08/2026 16:22
44435327-9e42-4013-9d05-351a55ec9cdd,ameba.blog,available,4.29,22.99,medium,low,5,namesilo,,,18/09/2026 17:40
425da228-1300-4dfd-80ce-beef69883bfd,lupine.blog,available,2.98,32.98,medium,low,6,namecheap,,,24/08/2026 11:39
bcd664cf-8ca3-4a19-b24d-84007b681069,corporal.blog,available,2.98,32.98,high,low,8,namecheap,,,13/08/2026 01:52
4102b74a-04b4-404f-98b1-fdf2f3488eec,visitors.blog,available,4.29,22.99,high,low,8,namesilo,,,18/09/2026 16:57
9e8e4335-28b7-4d3c-beb1-eec915233292,perilous.blog,available,2.98,32.98,medium,low,8,namecheap,,,08/09/2026 01:42
fd4d4084-aad5-4674-9089-8a76969c46a9,bio.blog,premium,3146.25,,high,medium,3,name.com,,,
1653b20e-76a2-48f1-b1c0-4af07f69aeda,pituitary.blog,available,2.98,32.98,high,medium,9,namecheap,,,08/09/2026 20:08
e8a7ab11-6d66-46e9-adae-7356b75bea15,gasoline.blog,premium,129.58,517.7,high,low,8,spaceship,,,27/09/2026 13:38
40665aba-d24a-400d-a075-f88d90dac8f2,azotic.blog,available,2.98,32.98,medium,low,6,namecheap,,,08/08/2026 02:53
31e7c877-3302-4cb1-9cd4-287b5c953df6,banal.blog,available,4.29,22.99,medium,low,5,namesilo,,,22/09/2026 16:37
79ebce2a-2828-4656-93af-b820883c584f,blase.blog,available,2.98,32.98,medium,low,5,namecheap,,,10/08/2026 13:19
c2b9c0fc-4104-4c54-b73c-cee636a477a9,derelict.blog,available,4.29,22.99,medium,low,8,namesilo,,,21/09/2026 13:39
51cbd8bb-0518-49c2-ac87-86c6e0724130,invincibly.blog,available,2.98,32.98,medium,low,10,namecheap,,,15/09/2026 09:08
545eb256-8686-4364-899e-002375400c13,rude.blog,premium,53.92,242,high,low,4,namesilo,,,22/09/2026 16:12
b259cf40-57e9-4a08-b9f0-b11ed53a207c,fogged.blog,available,2.98,32.98,medium,low,6,namecheap,,,18/08/2026 09:51
56a97470-cc83-479f-be2f-31bd86d98ae2,depicted.blog,available,2.98,32.98,medium,low,8,namecheap,,,14/08/2026 02:12
9b22fb4f-241e-406d-ba8e-c28258b7069f,hostel.blog,premium,160,640,high,low,6,namesilo,,,21/09/2026 02:25
4f1127f9-1598-4a03-b995-e9081050643b,unguided.blog,available,2.98,32.98,high,low,8,namecheap,,,12/09/2026 11:41
c45128fb-5138-4d3f-b81b-cac28397167e,spiders.blog,premium,160,640,medium,low,7,namesilo,,,16/09/2026 05:32
7a680a45-9d95-4a35-bd64-1d02f492379b,aroma.blog,premium,65,260,high,low,5,namecheap,,,20/09/2026 08:25
466e932b-d711-4371-bab9-94e227a0311a,soothes.blog,available,4.29,22.99,medium,low,7,namesilo,,,20/09/2026 05:20
cff67502-4d65-4b80-ac2c-dc23d3341cf8,dreary.blog,available,2.98,32.98,medium,low,6,namecheap,,,14/08/2026 11:47
dace9fe6-1b37-4664-b271-4a6b9f0edd25,asunder.blog,available,2.98,32.98,medium,low,7,namecheap,,,07/08/2026 10:20
84164899-ee1a-4496-8967-274be31d45e1,handed.blog,available,2.98,32.98,medium,low,6,namecheap,,,20/08/2026 23:25
f44886b3-58ae-414d-ba28-d20ca90b8da2,autogenous.blog,available,2.98,32.98,medium,low,10,namecheap,,,07/08/2026 20:16
2f26b7ad-4698-4a0a-8c39-f8a2466344e4,inhalant.blog,available,2.98,32.98,high,low,8,namecheap,,,22/08/2026 05:02
a0147962-e2c6-4811-a7a2-7c14638a3ba7,adequate.blog,available,2.98,32.98,high,low,8,namecheap,,,21/09/2026 18:22
9edf3828-6929-48c1-b4b3-4f619bebc85b,visualised.blog,available,2.98,32.98,medium,low,10,namecheap,,,17/08/2026 10:03
cc927e09-b0a1-4c7c-bcc4-acceb6e836c7,shoveler.blog,available,4.29,22.99,medium,low,8,namesilo,,,19/09/2026 02:54
ec27a4bf-d664-4594-b9b6-f8ee8c89c09d,variably.blog,available,4.29,22.99,medium,low,8,namesilo,,,16/09/2026 10:46
3f48d4e9-6840-4988-9e34-60c1dbe62f5a,variegate.blog,available,2.98,32.98,medium,low,9,namecheap,,,25/08/2026 08:26
a58f8dd9-2036-4e02-9310-fbfa99c42ee0,ultimate.blog,premium,640,2660,high,low,8,namesilo,,,11/09/2026 22:50
a12474d1-a884-42c1-97ed-b4a5b4eb40b8,mix.blog,premium,3450,13800,high,medium,3,namesilo,,,22/09/2026 03:09
f4eb90ef-4468-4f2c-9d61-9d0a727e9268,reporting.blog,premium,160,640,high,low,9,namesilo,,,
58b8499a-8ae2-4321-a70a-6a12c05a1c08,blackhead.blog,available,4.29,22.99,medium,low,9,namesilo,,,24/09/2026 02:47
908e85fb-2707-4d1c-a4c5-d0a7816a1778,tepid.blog,available,2.98,32.98,medium,low,5,namecheap,,,20/08/2026 22:41
e0e9ba4a-a45c-433b-84a8-fc479ecfee2c,unloaded.blog,available,2.98,32.98,medium,low,8,namecheap,,,12/09/2026 15:03
9e1ba2f9-f05e-449c-8cd8-61644c08ccca,musset.blog,available,4.29,22.99,medium,low,6,namesilo,,,18/09/2026 06:29
0055adb8-5ea8-4550-b1b3-9d6449a3dde7,numerous.blog,available,2.98,32.98,high,low,8,namecheap,,,22/08/2026 23:01
22e17e99-09b0-49fa-b42e-9178ac983cba,dagger.blog,available,2.98,32.98,high,low,6,namecheap,,,24/09/2026 20:52
a049d988-f69c-4a01-8f88-75365db73fa9,arrangement.blog,available,2.57,21.11,high,low,11,porkbun,,,27/09/2026 21:23
ff5f811a-43be-4f24-a114-c658f16af885,bakshis.blog,available,4.29,22.99,medium,low,7,namesilo,,,21/09/2026 15:54
7d7cdd2b-eb7b-469e-bda4-bef43250cdc5,profoundly.blog,available,2.98,32.98,high,low,10,namecheap,,,14/09/2026 11:16
eeb3061d-a839-47f6-8daa-c0161ffbdd05,baklava.blog,available,2.98,32.98,high,low,7,namecheap,,,21/09/2026 20:21
91f120ce-de90-4c98-9d97-2d29ba472c69,posthumous.blog,available,2.98,32.98,medium,low,10,namecheap,,,09/09/2026 00:25
ea10c423-91ac-41fc-8a36-37bbc29d94de,amberjack.blog,available,4.29,22.99,medium,low,9,namesilo,,,18/09/2026 16:35
2b52c000-1892-42e2-8941-6a5d4b3175d4,aditya.blog,premium,162.5,650,high,low,6,namecheap,,,17/09/2026 08:23
f0d53c60-db28-495a-8924-05b2a1b5ad70,rite.blog,premium,65,260,high,low,4,namecheap,,,09/09/2026 18:03
bbff66be-cd9b-4424-95d9-1167bcb675d4,searched.blog,available,4.29,22.99,medium,low,8,namesilo,,,18/09/2026 02:50
3810c210-2953-472a-80aa-6ed322ac4585,cashable.blog,available,2.98,32.98,medium,low,8,namecheap,,,11/08/2026 20:12
4116faef-705a-4b38-a7b2-b27b66bdbd1d,creditably.blog,available,2.98,32.98,medium,low,10,namecheap,,,14/09/2026 09:30
b8dc7231-bdbd-45ba-9b68-aabe4a23f47b,aviatrix.blog,available,2.98,32.98,high,low,8,namecheap,,,17/09/2026 23:25
58d24eaa-af8c-4101-b679-7172879e7204,demo.blog,premium,640,2660,high,medium,4,namesilo,,,27/09/2026 05:08
4d8f10f3-a53b-4312-955f-8988e86136ca,mainstay.blog,available,4.29,22.99,high,low,8,namesilo,,,21/09/2026 15:13
8010f89f-b16a-4569-ac0e-d42bad820c35,jaundice.blog,available,4.29,22.99,medium,low,8,namesilo,,,17/09/2026 03:10
3ad5854a-8f50-42ac-85e8-0df205079c35,balm.blog,available,4.29,22.99,high,low,4,namesilo,,,21/09/2026 23:35
24ddff89-fbff-4b33-8502-2a5d085de430,gourmet.blog,premium,640,2660,high,low,7,namesilo,,,24/09/2026 14:33
0b8ff335-b33a-4c1f-b490-fef263689d3e,leeward.blog,available,2.98,32.98,medium,low,7,namecheap,,,22/08/2026 22:34
280604bf-009b-4b66-8dd7-7aae36a9b2eb,outlandish.blog,available,2.98,32.98,medium,low,10,namecheap,,,10/08/2026 10:37
adc23e55-7980-43d7-a1c2-494bd24f6f94,redbrush.blog,available,4.29,22.99,medium,low,8,namesilo,,,18/09/2026 19:44
d92e04ff-a9af-4d83-9bf9-057cc68396c9,appealing.blog,available,2.98,32.98,high,low,9,namecheap,,,06/08/2026 05:51
9f1f82a0-dc55-4098-9251-e57b9ecd7386,adviseable.blog,available,4.29,22.99,medium,low,10,namesilo,,,
c1915a3c-4a5f-43d1-b71d-2749f43c4960,concord.blog,premium,160,640,high,low,7,namesilo,,,16/09/2026 22:58
7d23e5f8-2df3-4093-9495-974c1ecadf67,story.blog,premium,16250,65000,high,medium,5,namecheap,,,25/09/2026 22:53
2b5bc0b2-27a4-4389-9c60-8bcfb0dd70b1,aberdare.blog,available,4.29,22.99,medium,low,8,namesilo,,,16/09/2026 15:08
2fbe0baa-7404-438f-b623-f619a466813e,firework.blog,available,2.98,32.98,high,low,8,namecheap,,,09/09/2026 07:10
5f20077f-5625-40d5-82fd-fe35fbbb4192,circle.blog,premium,175.7,700,high,medium,6,namecheap,,,27/09/2026 16:29
e17e4a90-64c0-4339-b4aa-be1c59196cf1,tocsin.blog,available,4.29,22.99,medium,low,6,namesilo,,,18/09/2026 01:57
3edc0218-c324-4370-a2f1-4cee09f4785f,avowal.blog,available,2.98,32.98,medium,low,6,namecheap,,,17/09/2026 14:26
cab4b451-1bbd-468e-852a-b5b6f869a4f0,ecommerce.blog,premium,15646.25,,high,low,10,name.com,,,
34dcdfcf-3881-4bb0-b730-2ff5ebfd630c,dissenter.blog,available,2.98,32.98,medium,low,9,namecheap,,,14/08/2026 12:39
2a4e26f9-6cfc-4486-bc60-8befdafc5f20,archetype.blog,resell,,,high,low,9,"Spaceship, Inc.",11/07/2026 21:09,11/07/2027 21:09,26/09/2026 03:58
98f2f0bb-a609-4e72-9f9b-d636aef83504,northwards.blog,available,2.98,32.98,medium,low,10,namecheap,,,03/09/2026 21:25
df5beea7-554e-4ea1-bd2c-b693dd6af6de,ingrained.blog,available,2.98,32.98,medium,low,9,namecheap,,,13/08/2026 22:49
fd75731b-1a61-400f-98ef-9dbc0b940667,guiding.blog,available,2.98,32.98,high,low,7,namecheap,,,14/08/2026 08:49
1e79fcae-41b7-443e-b9f1-db22f3cd757d,cucumber.blog,premium,70.7,280,high,low,8,namecheap,,,
f512617c-aca8-4572-bb83-a2652cbd2cf0,blackmailing.blog,available,4.29,22.99,medium,low,12,namesilo,,,
8df66ef9-f03c-47db-b2f9-281a67beaf6b,shuha.blog,available,2.98,32.98,medium,low,5,namecheap,,,10/09/2026 07:04
31a0bdd3-000f-42e2-a489-d26024d9f17d,breathe.blog,premium,53.92,242,high,low,7,namesilo,,,
54a8412d-a1ed-4131-9f8b-007f71da1830,basotho.blog,available,2.98,32.98,medium,low,7,namecheap,,,22/09/2026 11:35
e9060dd2-cd82-4de7-9971-a538f7ae9e2e,beowulf.blog,available,4.29,22.99,medium,low,7,namesilo,,,23/09/2026 09:04
f354169f-a640-4795-a65a-5de9c6522e13,beefeater.blog,available,4.29,22.99,medium,low,9,namesilo,,,23/09/2026 01:09
ceb441b3-e5e9-44b2-8392-31f53c442d1f,revolting.blog,available,2.98,32.98,medium,low,9,namecheap,,,14/08/2026 10:45
c2376ee4-6059-4c72-b84f-3e2e634bc40b,saw.blog,premium,640,0.99,high,low,3,namesilo,,,
f8ae5a0b-ed6d-4357-939e-1141619213bc,stepping.blog,available,2.98,32.98,high,low,8,namecheap,,,16/09/2026 15:33
f1edc5a0-0cb9-4469-b66a-1dffaaa78a29,beebread.blog,available,4.29,22.99,medium,low,8,namesilo,,,18/09/2026 17:24
6dfcdcba-13e2-45c3-834f-c28f66aa4bc1,frunze.blog,available,4.29,22.99,medium,low,6,namesilo,,,23/09/2026 21:44
79302aab-de30-4ae6-8e26-9570afd6cc8e,disorder.blog,premium,65,260,high,low,8,namecheap,,,24/09/2026 22:27
6cc62047-7075-4246-a37b-19c723aee21e,philatelic.blog,available,2.98,32.98,medium,low,10,namecheap,,,08/09/2026 18:49
11722d42-cc09-4405-a61a-bfad69568c62,maddened.blog,available,2.98,32.98,medium,low,8,namecheap,,,
bc75efec-1b4b-4c3d-b280-8672a5361f92,sent.blog,premium,53.92,242,high,low,4,namesilo,,,19/09/2026 16:10
616ffbf7-ae5c-4852-9079-0a5ff0f24220,intuitive.blog,available,2.98,32.98,high,low,9,namecheap,,,22/08/2026 08:51
7146acbb-59e9-409e-9686-52ff0a8b01e9,photograph.blog,premium,640,2660,high,low,10,namesilo,,,26/09/2026 00:03
da40e836-4d3e-40eb-a31d-75e65aff1f7a,behmen.blog,available,2.98,32.98,medium,low,6,namecheap,,,23/09/2026 03:43
ba0be20f-fd56-47a6-8d62-ad14c1f6d9fd,hymie.blog,available,2.98,32.98,high,medium,5,namecheap,,,10/09/2026 06:16
31f74aa5-46b2-4053-94d2-fabd439806c3,cocker.blog,available,4.29,22.99,medium,low,6,namesilo,,,21/09/2026 13:01
2257e1eb-da11-426f-884c-724ec2ec9bc3,ingram.blog,premium,53.92,242,medium,low,6,namesilo,,,26/09/2026 03:39
56d2544b-4dd5-4a08-98f2-77bc72412e86,sunburnt.blog,available,2.98,32.98,medium,low,8,namecheap,,,11/09/2026 01:48
4c3173c8-700a-4e28-87e0-536e86bf60a9,leaf.blog,premium,160,640,high,low,4,namesilo,,,25/09/2026 11:32
7b7e5f3d-be0e-4b86-b61a-cb3a67f17fea,grand.blog,premium,160,640,high,low,5,namesilo,,,21/09/2026 11:05
79c02e36-92a5-42fc-9b49-254fad393517,diskette.blog,available,2.98,32.98,medium,low,8,namecheap,,,18/08/2026 08:53
357d3cb2-49cb-4da6-a44f-5896c41dc9d0,calcium.blog,premium,53.92,242,high,low,7,namesilo,,,20/09/2026 22:32
af8215b6-b5f5-41c4-9205-cddc03829001,basics.blog,premium,160,0.99,high,low,6,namesilo,,,
4c084c28-5211-4f5c-9f67-2b92ad4f47db,toter.blog,available,2.98,32.98,medium,low,5,namecheap,,,22/09/2026 21:16
504350c2-43cd-4a35-8379-8d4305a09db3,rouged.blog,available,2.98,32.98,high,medium,6,namecheap,,,09/09/2026 18:49
7f44ab0a-3869-4b2d-9bf5-ce40bbe3b49a,holdings.blog,available,2.98,32.98,medium,low,8,namecheap,,,17/09/2026 20:27
78198133-017f-4d7c-baea-f2231ae6715f,nidifugous.blog,available,2.98,32.98,medium,low,10,namecheap,,,03/09/2026 17:08
4cf31d1c-c3fd-4e5f-9242-9d51c1b1c8cc,resinated.blog,available,2.98,32.98,medium,low,9,namecheap,,,09/09/2026 15:09
33962c4d-1d55-4750-b2d3-2af6a47db0fd,quantities.blog,available,4.29,22.99,low,low,10,namesilo,,,
b4963007-37f5-4073-b708-b5fbc3783392,gram.blog,available,,,high,low,4,,,,
b8666b6a-465a-4d93-8e15-5415ecbbf13b,faker.blog,available,2.98,32.98,medium,low,5,namecheap,,,09/09/2026 05:01
f5fc3780-6a1a-4525-8a24-9435db47ff93,shapely.blog,available,2.98,32.98,high,low,7,namecheap,,,10/09/2026 05:57
297c4dd4-7e63-4af6-9342-9b2a0e3c9c70,stainless.blog,premium,162.5,650,high,low,9,namecheap,,,10/09/2026 18:15
e365aa6d-09e2-4fd5-a5c8-605ada9c970e,unheralded.blog,available,2.98,32.98,medium,low,10,namecheap,,,12/09/2026 00:42
4f8c2e29-7ff9-44a8-8aba-8fc03c468187,slugs.blog,available,2.98,32.98,medium,low,5,namecheap,,,20/09/2026 08:54
b183b5c8-2403-406a-8f4c-262663d3acd6,serious.blog,premium,160,640,high,low,7,namesilo,,,24/09/2026 23:04
d53276a3-6775-4fbe-b708-59751e64459c,agapornis.blog,available,4.29,22.99,medium,low,9,namesilo,,,17/09/2026 16:13
afcf4ffe-4090-4f91-aa2f-ee5d65dae7d2,endemic.blog,available,2.98,32.98,high,low,7,namecheap,,,07/08/2026 19:26
6230814b-a6b1-4e2c-8951-917d713b1bf7,analog.blog,resell,,,high,low,6,Dynadot LLC,06/02/2026 08:13,06/02/2027 08:13,26/09/2026 03:51
2635830d-3a95-43ab-b178-d4729b35d05b,resemblance.blog,available,4.29,22.99,high,low,11,namesilo,,,
70292e9b-bd35-4044-9ee8-0bb0124deba3,hafnium.blog,available,4.29,22.99,medium,low,7,namesilo,,,20/09/2026 23:42
cf31e08f-f96a-4b5e-bf29-76e20cc2d975,dutiful.blog,available,2.98,32.98,medium,low,7,namecheap,,,14/08/2026 21:39
912f0cda-9856-4b56-a919-78e2c7f09f3b,licking.blog,available,2.98,32.98,medium,low,7,namecheap,,,13/09/2026 11:11
28a9648c-c842-4535-83a3-92dd5893fff6,demesne.blog,available,2.98,32.98,medium,low,7,namecheap,,,17/09/2026 02:57
50e21bf6-e464-4034-ba5a-9ffb04f80281,latitude.blog,resell,,,high,low,8,Dynadot LLC,28/01/2026 00:35,28/01/2027 00:35,26/09/2026 07:09
13d96d29-c4d6-4c14-bd34-ee16f9d0c953,proverbial.blog,available,2.98,32.98,high,low,10,namecheap,,,09/09/2026 04:32
8e400152-63f7-4a02-94d3-e57d74f8fc4b,masked.blog,available,2.98,32.98,high,low,6,namecheap,,,12/08/2026 11:32
29920910-95ff-4559-a0a9-547f1e265896,unlovable.blog,available,2.98,32.98,medium,low,9,namecheap,,,12/09/2026 15:08
e6318857-4dba-4d8b-8e5c-a3bf5c66ee40,dad.blog,premium,3450,13800,high,low,3,namesilo,,,27/09/2026 05:02
03a546fe-e668-43de-8813-02e93ee12842,acheta.blog,available,4.29,22.99,medium,low,6,namesilo,,,17/09/2026 00:33
6cf91e7b-49d0-4b9c-9a9c-55a8c17c6d60,soldiers.blog,premium,53.92,242,medium,low,8,namesilo,,,
25d5e161-3d35-4fe7-a39f-9baf2982492f,improper.blog,available,2.98,32.98,medium,low,8,namecheap,,,21/08/2026 23:12
956107b6-36ae-415e-9022-07d0247c855e,suspicions.blog,available,4.29,22.99,low,low,10,namesilo,,,18/09/2026 08:04
223f9dcf-7033-4c35-82dc-aed8bef1fe9c,peach.blog,premium,160,640,high,low,5,namesilo,,,22/08/2026 16:45
c5a72338-7967-4c02-a5c8-1f16095590d3,grubby.blog,available,2.98,32.98,medium,low,6,namecheap,,,09/08/2026 09:31
b43d319c-8e11-4b9b-b45b-2361819c4c84,landscaped.blog,available,2.98,32.98,medium,low,10,namecheap,,,22/08/2026 19:30
ffc242e0-0875-412a-88e2-eb9e5a323de4,bomb.blog,premium,175.7,700,high,low,4,namecheap,,,
91137b84-0e23-4b91-998d-7fb6c6621ebf,ganja.blog,premium,640,0.99,high,low,5,namesilo,,,
34607a12-f6ca-4d2e-aa8c-0a50cc81e86d,dress.blog,premium,640,2660,high,low,5,namesilo,,,24/09/2026 12:08
d5889f7b-3365-4d4d-8dc8-67a4da725dda,unicorns.blog,available,4.29,22.99,high,low,8,namesilo,,,
b6e91f52-fa4b-4939-9035-69d2a5add5c7,fixation.blog,available,4.29,22.99,high,low,8,namesilo,,,20/09/2026 09:06
bc801f58-51b0-47e0-9c86-f63ae51c8dd7,nauseating.blog,available,2.98,32.98,medium,low,10,namecheap,,,24/08/2026 08:23
e522c0c6-cbf2-4e11-bbed-15d8eeea7551,cva.blog,premium,162.5,650,medium,low,3,namecheap,,,19/09/2026 19:12
433ac8c6-cb3a-4e0d-b0b8-b152f1252a08,hatched.blog,available,2.98,32.98,high,low,7,namecheap,,,13/08/2026 08:20
b72277f4-c492-4c9b-98cc-80509dc6566d,dripping.blog,available,2.98,32.98,medium,low,8,namecheap,,,14/09/2026 14:32
dc034a1d-c05c-4ea6-8ed7-722ab9469ab5,bushy.blog,available,2.98,32.98,high,low,5,namecheap,,,11/08/2026 11:15
21c984bf-7981-4309-8e50-9444e29c5c95,clump.blog,available,2.98,32.98,medium,low,5,namecheap,,,11/09/2026 15:08
58ddaca9-6092-4517-8ab8-67dbc289ecc6,naughty.blog,premium,645,2500,high,low,7,name.com,,,18/08/2026 20:00
b7d500b2-bedc-4f54-9228-b84a69dfc76e,heretical.blog,available,2.98,32.98,medium,low,9,namecheap,,,14/08/2026 12:35
7e473ac4-4607-4564-84b6-cd07b9c4988e,react.blog,premium,53.92,242,high,low,5,namesilo,,,27/09/2026 06:05
e23584b2-4144-4c71-8494-6f79002386d3,girlfriend.blog,premium,160,640,high,low,10,namesilo,,,25/09/2026 23:00
a4ab80a0-319f-4eac-9d85-bfb019e64210,toned.blog,available,2.98,32.98,medium,low,5,namecheap,,,11/09/2026 17:02
0005bc83-5483-4152-8ae5-e6418b5cb8d4,oxycontin.blog,available,4.29,22.99,medium,low,9,namesilo,,,20/09/2026 00:25
7e6eb562-9f87-4e94-8416-701622ec0cfc,memorial.blog,premium,51.95,207.2,high,low,8,spaceship,,,27/09/2026 14:53
1928fe00-c355-4975-8925-526117d917e8,glary.blog,available,2.98,32.98,medium,low,5,namecheap,,,10/08/2026 13:49
53f45185-c6dd-4e6f-a973-996cdbaa1d31,stabbing.blog,available,2.98,32.98,medium,low,8,namecheap,,,22/08/2026 19:19
54f6fb0b-ee87-4aa5-ac76-21ee4248ab47,gut.blog,premium,,,high,low,3,,,,28/09/2026 01:05
3d3b6772-266a-4664-ba86-e2d69b843287,astatine.blog,available,2.98,32.98,medium,low,8,namecheap,,,20/09/2026 16:55
9d172327-319a-425b-a323-a76ab9e85964,korzybski.blog,available,4.29,22.99,medium,low,9,namesilo,,,18/09/2026 06:31
e54edaea-9382-48c9-a5ec-3dc997782605,asymptote.blog,available,5.99,37.99,medium,low,9,name.com,,,20/09/2026 18:41
22a6a6a6-264f-4d4b-8446-317ad7c5b791,pectoral.blog,available,2.98,32.98,medium,low,8,namecheap,,,08/09/2026 11:58
7d40c802-67ff-45b3-9ef8-7b73500abfe1,camping.blog,premium,640,0.99,high,low,7,namesilo,,,
dab7f751-0147-46b3-9682-39796c973793,cousin.blog,premium,65,260,high,low,6,namecheap,,,24/09/2026 18:49
709633b3-fa06-4a72-ab3d-fffeef0b148a,top.blog,premium,17250,69000,high,medium,3,namesilo,,,25/09/2026 19:45
499093ab-4f1e-4393-b3a2-3ee1da312bcc,agnatic.blog,available,2.98,32.98,medium,low,7,namecheap,,,
d14b7215-2af7-4f48-8d97-2f83389c3e13,lovingness.blog,available,2.98,32.98,high,low,10,namecheap,,,11/08/2026 19:18
fca80331-2c3a-4c28-b00a-9580e2fe5331,untraveled.blog,available,2.98,32.98,medium,low,10,namecheap,,,12/09/2026 21:42
2dab705a-d9c6-4681-97a9-1cf183cd4472,monopoly.blog,available,5.99,,high,low,8,name.com,,,
029e9c10-f1d4-48c7-90fe-d1e18c692384,atriplex.blog,available,4.29,22.99,medium,low,8,namesilo,,,21/09/2026 00:45
6e4e3f57-894a-4cb8-920e-c7071a815ade,pip.blog,premium,1625,6500,high,low,3,namecheap,,,13/09/2026 13:22
e70dfc60-d341-4d55-9789-c98b48b913ff,baize.blog,available,2.98,32.98,medium,low,5,namecheap,,,21/09/2026 19:59
4141a562-c243-4450-9215-70276e2281ba,biform.blog,available,2.98,32.98,medium,low,6,namecheap,,,09/08/2026 20:07
a5482c58-03ab-49d3-a377-12f29c946344,poison.blog,premium,162.5,650,high,low,6,namecheap,,,11/09/2026 18:25
bfd7b750-970a-4d27-844b-4add64ea7b43,publicity.blog,premium,175.7,700,high,low,9,namecheap,,,
dacefdec-4f5e-4d87-a085-cd7c114ec1c3,andiron.blog,available,2.98,32.98,medium,low,7,namecheap,,,19/09/2026 04:06
fa8d8ddc-aa6b-4f51-ba38-ee00a39c203b,prison.blog,premium,646.25,,high,low,6,name.com,,,
7e5afd6d-b610-45a1-9166-3720bed81078,aldehyde.blog,available,4.29,22.99,high,low,8,namesilo,,,18/09/2026 04:24
33b27e08-3312-4bec-b203-e17f336484aa,weight.blog,premium,162.5,650,high,low,6,namecheap,,,19/09/2026 19:07
e46e8fa5-1cf7-43c8-a5b9-c249b0a45aa8,thinking.blog,premium,160,0.99,high,low,8,namesilo,,,
361b4f15-4282-43a8-8f90-2860ba197d9a,condemn.blog,available,4.29,22.99,medium,low,7,namesilo,,,
20d322e0-20a3-4e4e-9645-9b45fa924fe1,aalii.blog,available,4.29,22.99,medium,low,5,namesilo,,,16/09/2026 13:12
329f4fd6-0c36-4931-a53d-0c932ee5e819,silkily.blog,available,2.98,32.98,medium,low,7,namecheap,,,16/09/2026 01:51
20a90894-07df-4067-a46e-7d7c5cddaee2,teenage.blog,premium,640,2660,high,low,8,namesilo,,,11/09/2026 10:07
7a0e92fa-6045-495f-9a8b-1d5848c555c7,australian.blog,premium,1662.5,6900,high,low,10,namesilo,,,22/09/2026 13:30
f3dc8179-300d-433b-8119-71a4d935f062,yearningly.blog,available,2.98,32.98,medium,low,10,namecheap,,,15/09/2026 12:56
78b872d0-bcbd-4bdf-a336-aac36a9ee0d3,flashily.blog,available,2.98,32.98,medium,low,8,namecheap,,,14/09/2026 18:54
bcf8da50-dc89-439b-8fb2-57a8b5bc7534,roots.blog,premium,160,640,high,low,5,namesilo,,,
467d3617-0e2e-4be9-9e03-b99f2b54c8e3,dana.blog,premium,162.5,650,high,low,4,namecheap,,,25/09/2026 22:21
4c40dfa8-aa71-4b5f-bbed-810f5cbf3e51,prole.blog,available,2.98,32.98,medium,low,5,namecheap,,,09/09/2026 03:01
57324daf-3a72-419c-885d-c1e4c85ece64,rally.blog,resell,,,high,medium,5,Namecheap,11/01/2026 20:14,11/01/2027 20:14,26/09/2026 08:29
d039c58a-d553-428f-ac2b-71c3712db7aa,wharton.blog,premium,160,640,high,low,7,namesilo,,,25/09/2026 22:32
5da3f882-fe1a-44b8-a71d-93d4a1673c75,dispatching.blog,available,4.29,22.99,high,low,11,namesilo,,,
b0791b7c-2e17-4652-82dd-4ffcd065ebf6,dozy.blog,available,2.98,32.98,medium,low,4,namecheap,,,14/08/2026 18:06
ef7ed1fe-8e64-48d5-976b-3745c06f128c,bezzant.blog,available,4.29,22.99,low,low,7,namesilo,,,23/09/2026 12:17
731b2470-6ca4-4a10-a3ad-a36f0980421b,roseate.blog,available,2.98,32.98,high,medium,7,namecheap,,,09/09/2026 18:40
aa2e7fd9-3f59-49c9-b070-cfa12ff204ad,wolff.blog,premium,160,640,high,low,5,namesilo,,,25/09/2026 23:22
f62a8e79-1a7d-4cd1-a660-5adebb12a0b1,ugandan.blog,available,2.98,32.98,medium,low,7,namecheap,,,11/09/2026 22:40
7620c69e-4a45-41bb-ac30-0cf066b80c8f,staged.blog,available,2.98,32.98,high,low,6,namecheap,,,10/09/2026 18:02
517376cf-6014-43ec-9fb8-b19dd4e28d61,curvaceous.blog,available,2.98,32.98,medium,low,10,namecheap,,,10/08/2026 20:30
ad35517e-9d7e-45b2-8943-f4d65a48e410,bike.blog,premium,1625,6500,high,low,4,namecheap,,,08/09/2026 12:23
d3f0f61b-1e79-4ceb-8587-08d5f10d6041,tenner.blog,available,4.29,22.99,medium,low,6,namesilo,,,21/09/2026 10:53
cce14202-8cf5-491c-96a9-ecc3f61e1a27,mechanical.blog,premium,160,640,high,low,10,namesilo,,,25/09/2026 18:43
8949d1c4-2dae-465c-9f88-0e3247aabd2c,pluto.blog,premium,162.5,650,high,low,5,namecheap,,,17/09/2026 20:47
d0c94aed-8904-4c6a-b2fe-e9abb52a1ff3,commonly.blog,available,4.29,22.99,high,low,8,namesilo,,,
f0299cbd-66d0-4f98-a70a-75980ecb65d3,ferned.blog,available,2.98,32.98,medium,low,6,namecheap,,,18/08/2026 01:58
694b8eb9-b916-4541-8233-e53fce8a9302,packing.blog,available,4.29,22.99,high,low,7,namesilo,,,
e9888805-0af8-4a65-a3d1-4250573214c1,blackburn.blog,available,4.29,22.99,high,low,9,namesilo,,,24/09/2026 02:11
71cfe17a-25a3-4259-a1a9-bf5097a2ddc6,neumann.blog,premium,53.92,242,high,low,7,namesilo,,,25/09/2026 23:19
7a2c67b2-04fa-45d8-95e9-8a059cc634aa,erse.blog,available,2.98,32.98,medium,low,4,namecheap,,,18/08/2026 19:28
03075a7c-cf74-45b3-8915-53f89e893754,established.blog,available,4.29,22.99,high,low,11,namesilo,,,
936e0e9d-f63b-47ec-bf73-e614f56b8999,nighted.blog,available,2.98,32.98,low,low,7,namecheap,,,09/08/2026 14:33
f715af96-e9a0-4b5b-8f67-d71875427c2e,adoration.blog,available,4.29,22.99,high,low,9,namesilo,,,17/09/2026 09:44
8276e950-5886-4bbe-a3d0-789e7e942a51,mug.blog,premium,640,2660,high,low,3,namesilo,,,24/09/2026 14:58
065c3bfd-d31a-4798-9d1f-984bef762ea2,lhasa.blog,available,2.98,32.98,high,low,5,namecheap,,,24/09/2026 12:27
8cfff669-6e16-4548-ab60-db11ec01b0b9,sheared.blog,available,2.98,32.98,high,medium,7,namecheap,,,10/09/2026 06:10
aa2f6b8b-f1bd-4ccb-9af5-a4b3862b5041,conduct.blog,available,4.29,22.99,high,low,7,namesilo,,,23/09/2026 03:13
534d8b87-2f62-4c9b-80b5-dbf4a7663c64,potted.blog,available,2.98,32.98,high,medium,6,namecheap,,,09/09/2026 00:50
9bff2528-8321-4669-ba22-d95bd39eda18,aflare.blog,available,2.98,32.98,medium,low,6,namecheap,,,
40e352c3-0958-47cb-8eaf-08aac1b63517,berry.blog,premium,160,640,high,low,5,namesilo,,,23/09/2026 10:10
39ab3e21-8686-47a0-b54c-927d584366c0,loan.blog,premium,1662.5,6900,high,low,4,namesilo,,,25/09/2026 09:02
93670012-4dd8-466d-b485-f868bf8aed2f,nails.blog,premium,175,700,high,low,5,namecheap,,,
44b0a3f0-4971-49ad-8a12-7821216b4c07,photogenic.blog,premium,65,260,high,medium,10,namecheap,,,08/09/2026 19:18
6ebc4405-b200-427f-948d-3c397e699386,affirmer.blog,available,4.29,22.99,medium,low,8,namesilo,,,17/09/2026 14:33
cd933470-109f-403a-9b26-6644d452c10b,nordic.blog,premium,65,260,high,low,6,namecheap,,,03/09/2026 21:09
d3ca4ecc-e0e3-4e69-9b86-b21440ab434d,periodical.blog,available,2.98,32.98,high,low,10,namecheap,,,08/09/2026 17:13
a4df1d98-9f86-4de0-a140-6f289a9c6cc5,worker.blog,premium,162.5,650,high,low,6,namecheap,,,27/09/2026 07:18
7c269c09-3836-4cd4-a2a2-a8dc67daa7d3,skunk.blog,premium,53.92,242,high,low,5,namesilo,,,11/08/2026 09:13
4a3e8446-95eb-48a6-a97b-dad671c1f06b,lulu.blog,premium,160,640,high,low,4,namesilo,,,22/08/2026 16:47
dee5a092-75f4-4a49-802b-0f735de15e03,distance.blog,premium,53.92,0.99,high,low,8,namesilo,,,
702b8541-d241-4bc4-959d-20de4c2212f7,saami.blog,available,2.98,32.98,high,medium,5,namecheap,,,09/09/2026 21:07
f99d4cdf-c6ea-409c-87aa-e054f1f0c43b,perforate.blog,available,2.98,32.98,high,low,9,namecheap,,,08/09/2026 16:54
4c2c7273-32ff-4cdd-9b63-7e33c0969edd,troll.blog,premium,160,640,high,low,5,namesilo,,,
5c41ffef-e3d5-4e70-9c59-f7744e335a5a,deltoid.blog,available,2.98,32.98,medium,low,7,namecheap,,,14/08/2026 00:50
03690ed7-ac6b-4069-a667-3edebde0d29c,existed.blog,available,2.05,20.18,medium,low,7,spaceship,,,27/09/2026 21:59
830ef50e-1f9f-4344-a94c-ecc062e774a9,bps.blog,premium,650,2600,high,low,3,namecheap,,,23/09/2026 22:46
58fe83c6-14f1-4b9a-ac25-159e629575d0,git.blog,premium,3145,12500,high,medium,3,name.com,,,11/08/2026 09:25
c473603b-9ed2-4b0d-9798-e7a75b4fa7b2,liquefied.blog,available,2.98,32.98,medium,low,9,namecheap,,,23/08/2026 22:01
f418409d-d3b4-4350-90db-ba82d94b9c2f,spinous.blog,available,2.98,32.98,medium,low,7,namecheap,,,
be7bc718-5494-4dfe-8c34-282333eea146,dioecious.blog,available,2.98,32.98,medium,low,9,namecheap,,,14/08/2026 08:20
ba19d2d9-0f4f-4ca0-b517-332d15b96201,sixer.blog,available,2.98,32.98,medium,low,5,namecheap,,,
c177425d-3e75-43a0-9269-ec260b89ca59,swingeing.blog,available,2.98,32.98,medium,low,9,namecheap,,,11/09/2026 05:48
c7afd193-5e9c-48b4-a73d-b8762c7af317,ghastly.blog,available,2.98,32.98,medium,low,7,namecheap,,,12/08/2026 02:39
422dacb3-cf01-4e6c-9bce-2b731dd7caad,goodly.blog,available,2.98,32.98,high,low,6,namecheap,,,20/08/2026 16:36
598cfc87-5ce8-497b-a7cb-87ccde94d90e,spouse.blog,available,4.29,22.99,high,low,6,namesilo,,,23/09/2026 11:39
118aea88-25df-4eda-aad0-eed1b5e7544b,unpressed.blog,available,2.98,32.98,low,low,9,namecheap,,,12/09/2026 17:24
3a79fe90-b6a9-4b6d-a8bd-cda84b59876b,and.blog,premium,1583.75,,high,medium,3,name.com,,,
c1934bd8-b93f-4d79-9c52-aadd2a01feb7,freezing.blog,available,4.29,22.99,high,low,8,namesilo,,,25/09/2026 06:10
fc98faaf-24a2-4484-9d15-ead87a8093ab,alsatia.blog,available,4.29,22.99,medium,low,7,namesilo,,,18/09/2026 14:16
b38d0dd8-6799-4117-8f64-21037ab51f51,them.blog,available,4.29,22.99,medium,low,4,namesilo,,,
8a6c34a3-5d63-41bc-98e6-9c3c52f215f6,nosocomial.blog,available,2.98,32.98,low,low,10,namecheap,,,03/09/2026 21:56
736cab47-3144-4649-abae-ee06961838b0,diminished.blog,available,2.98,32.98,medium,low,10,namecheap,,,07/08/2026 15:00
9b279bdd-4859-4fb0-a4ce-aea83f09c1ee,singletree.blog,available,5.99,,medium,low,11,name.com,,,
474958f2-cda0-4149-86e7-776c93509ad5,tappan.blog,available,4.29,22.99,medium,low,6,namesilo,,,20/09/2026 11:08
8048728d-9e1f-494f-bff4-85a5d29ac652,plodder.blog,available,2.98,32.98,medium,low,7,namecheap,,,10/09/2026 20:23
8ec8af45-c2dd-43ce-a98c-8fa258f3ab0f,marines.blog,premium,646.25,,high,low,7,name.com,,,
1e7e37f1-db81-460f-b7a2-14c35adcd34e,wryly.blog,available,4.29,22.99,medium,low,5,namesilo,,,16/09/2026 11:46
4b920f20-1c6d-472c-98c4-8e9fc5012957,lamp.blog,premium,160,640,high,low,4,namesilo,,,
e52e186a-b664-433b-a2d0-bf6a56560bd9,nutlike.blog,available,2.98,32.98,medium,low,7,namecheap,,,03/09/2026 23:16
8609f413-d698-446a-80d3-b47039b2ba2a,underlying.blog,available,2.98,32.98,high,low,10,namecheap,,,21/08/2026 22:41
027e0c1f-8386-4a2a-83bb-d21a92b3f2cc,confusion.blog,available,4.29,22.99,high,low,9,namesilo,,,
b28bf47c-c850-4c3a-83a9-5cd5541c8b5b,alumnus.blog,available,2.98,32.98,high,low,7,namecheap,,,20/08/2026 17:42
5945a7af-acd4-479d-9ba5-aa1e8a72d359,creole.blog,premium,53.92,242,high,low,6,namesilo,,,13/08/2026 06:07
96fb45b9-1009-4627-851c-b05bd23924f6,virtual.blog,premium,640,2660,high,low,7,namesilo,,,23/09/2026 07:18
9ac671df-fbc4-4585-a951-e2e7792d9bd5,corroded.blog,available,2.98,32.98,medium,low,8,namecheap,,,13/08/2026 02:05
c1f98325-e850-408b-9099-73c555722088,guidance.blog,premium,160,640,high,low,8,namesilo,,,24/09/2026 02:39
a029d55f-d18c-43ba-aeb3-c6c20ca14c0f,bifacial.blog,available,2.98,32.98,medium,low,8,namecheap,,,09/08/2026 19:57
819c8cc7-3ec8-4120-b4d8-6b35d8a34956,bursal.blog,available,2.98,32.98,medium,low,6,namecheap,,,11/08/2026 11:04
f642e176-619e-42a1-9e79-f901b2dde304,never.blog,premium,640,0.99,high,low,5,namesilo,,,
3fea8ada-8911-4177-bb72-1696c8aa035d,surfboard.blog,available,5.99,,high,low,9,name.com,,,
8c167234-1f54-46c5-aae9-82a01d17b64f,eolotropic.blog,available,2.98,32.98,medium,low,10,namecheap,,,
e4dc5112-75d0-4982-b397-784e69f7563c,cast.blog,premium,517.7,2070.2,high,low,4,spaceship,,,27/09/2026 20:35
c2565296-46a6-4431-90b5-2f14bc19fc19,wonderful.blog,premium,160,640,high,low,9,namesilo,,,25/09/2026 00:23
53ab6567-2a61-4439-b8c8-2d582454b78d,unstoppable.blog,resell,,,high,low,11,"Spaceship, Inc.",24/08/2026 20:42,24/08/2027 20:42,26/09/2026 09:53
7fb1276a-bd53-4d71-b1e3-bfb6ed170613,stieglitz.blog,available,4.29,22.99,medium,low,9,namesilo,,,18/09/2026 06:45
aca170ec-bbc7-4849-b320-9a25c1a4b9a6,overcomes.blog,available,2.98,32.98,medium,low,9,namecheap,,,21/09/2026 04:26
557327bf-f7c2-43a6-b5cb-0280f45f6d6e,meantime.blog,available,4.29,22.99,high,low,8,namesilo,,,25/09/2026 10:12
14b0200d-902e-4a12-8608-7adfb9dd1a91,begins.blog,available,2.98,32.98,medium,low,6,namecheap,,,25/09/2026 20:45
dc0a1ad1-4099-4d1a-847d-08f3fe760e94,extravert.blog,available,2.98,32.98,high,low,9,namecheap,,,17/08/2026 19:28
0f8760d6-06cb-4a8e-aaf2-6b7782c3d1ae,corrosive.blog,available,2.98,32.98,medium,low,9,namecheap,,,13/08/2026 02:07
fdc1bc2e-76f1-428c-80f2-8a5db11fc3b3,operations.blog,premium,53.92,242,high,low,10,namesilo,,,23/09/2026 02:52
c0da4f54-be66-40c4-b12d-aef620188eaf,open.blog,premium,1625,6500,high,medium,4,namecheap,,,22/09/2026 09:52
8113f1c2-381e-48d4-90cc-d48d4dedd43b,patience.blog,available,4.29,22.99,high,low,8,namesilo,,,25/09/2026 06:07
bf64e9ee-bd54-4e64-932a-26e2f9e55320,portland.blog,premium,175.7,700,high,low,8,namecheap,,,
0f9aeb84-bc4e-422d-9871-0ec9ad90a7c3,clean.blog,premium,640,2660,high,low,5,namesilo,,,23/09/2026 15:39
2c799234-e73d-4a9b-8c91-22d4a3b381e4,aerate.blog,available,2.98,32.98,high,low,6,namecheap,,,17/09/2026 21:35
b6d607bb-889c-40c8-af55-055704c2c648,drunkard.blog,available,2.98,32.98,medium,low,8,namecheap,,,14/08/2026 20:21
41e35e8e-5f64-4d2a-af63-2720d0819b2b,akhenaten.blog,available,4.29,22.99,medium,low,9,namesilo,,,17/09/2026 23:57
e5d901bb-09cd-4509-822f-aa6a7868b9d1,unprovable.blog,available,2.98,32.98,medium,low,10,namecheap,,,12/09/2026 17:29
38fda421-bb53-473a-aca5-cab5b5f8b753,barramundi.blog,available,4.29,22.99,medium,low,10,namesilo,,,20/09/2026 14:04
d7524f3d-baff-49bf-a537-1a0e5c1118b2,burbling.blog,available,2.98,32.98,medium,low,8,namecheap,,,11/08/2026 10:10
f59796de-2a06-4eaa-abfa-dff047319da2,indulgent.blog,available,2.98,32.98,high,low,9,namecheap,,,22/08/2026 03:33
7d458834-a94e-4dfa-8121-26e1481ca695,trounce.blog,available,2.98,32.98,medium,low,7,namecheap,,,09/08/2026 05:27
b08e1291-1aaf-4bdf-aa62-5dca6382a7fc,bernhardt.blog,available,4.29,22.99,medium,low,9,namesilo,,,23/09/2026 09:55
6cad9520-6d1b-4207-9481-3913fe7a8a2c,fruitless.blog,available,2.98,32.98,medium,low,9,namecheap,,,10/08/2026 19:39
d8524e6d-8109-47b0-93c8-4a35bfff4b58,tokyo.blog,premium,3250,13000,high,low,5,namecheap,,,24/09/2026 12:18
6a53c412-c6f0-4926-983a-ccf24b70bec8,gelatinous.blog,available,2.98,32.98,medium,low,10,namecheap,,,18/08/2026 21:01
7e21cdac-a9e7-4e54-a27a-9faa3e6ee3c8,vocally.blog,available,4.29,22.99,medium,low,7,namesilo,,,16/09/2026 11:07
80ad256b-530c-48a5-81da-036990db40ba,alcoholism.blog,premium,640,2660,medium,low,10,namesilo,,,18/09/2026 04:06
5e8bfae2-0f25-44ff-b14f-5d001479b291,antibody.blog,available,4.29,22.99,high,low,8,namesilo,,,19/09/2026 14:14
4da02a01-3658-4f83-9d72-adc4124be353,alluring.blog,available,2.98,32.98,high,low,8,namecheap,,,22/09/2026 01:34
73c27372-3089-49c2-99d8-bfaf3589cf9d,tethys.blog,available,2.98,32.98,medium,low,6,namecheap,,,19/09/2026 17:56
a82ed0d8-0603-4b19-9854-a97c6e97c970,spangled.blog,available,2.98,32.98,high,low,8,namecheap,,,18/08/2026 21:17
cc94de7d-e485-4dc2-bb99-42f04bbaf27b,attester.blog,available,4.29,22.99,medium,low,8,namesilo,,,21/09/2026 01:41
fac78524-0d59-4a6a-9533-1d6a8e0f7b4e,ironlike.blog,available,2.98,32.98,medium,low,8,namecheap,,,22/08/2026 10:10
973c0413-5ea5-437c-8a22-2359b8519503,jonah.blog,premium,53.92,242,high,low,5,namesilo,,,24/09/2026 06:55
89862934-650e-46ce-905e-09b28fb07997,wellborn.blog,available,2.98,32.98,medium,low,8,namecheap,,,13/09/2026 10:42
0b3bd4b8-6dae-4b36-963e-5ef3c297bd2c,dimension.blog,premium,53.92,242,high,low,9,namesilo,,,21/09/2026 02:17
2dd91624-0235-445e-a7fa-2d07d213f9da,daughterly.blog,available,5.99,37.99,medium,low,10,name.com,,,13/08/2026 18:46
4af213b1-550c-4e29-ad73-854780e496cf,greater.blog,premium,65,260,high,low,7,namecheap,,,20/08/2026 19:38
61c08606-313a-4601-912b-4b39e0f1e706,tend.blog,available,,,high,low,4,,,,
4947115b-7e33-42ca-abba-caf13e5e4d6e,colourful.blog,available,2.98,32.98,high,low,9,namecheap,,,12/08/2026 17:51
25662068-c2f3-4c15-b1cf-c301735bdcee,observe.blog,premium,53.92,242,high,low,7,namesilo,,,25/09/2026 23:53
18cbae66-9aae-4dec-a022-968f398e46cb,acherontic.blog,available,2.98,32.98,medium,low,10,namecheap,,,
8fb059da-fd04-4632-b23f-91986002d7a6,silly.blog,premium,160,640,high,low,5,namesilo,,,21/09/2026 23:43
d9a92f12-46ae-4315-9b82-703de679cd70,pictorials.blog,available,4.29,22.99,medium,low,10,namesilo,,,20/09/2026 12:53
aa5c43f4-cf27-44bc-94df-03b0fa489860,vision.blog,premium,640,2660,high,medium,6,namesilo,,,25/09/2026 07:47
8da4e6cc-bb7c-48d4-ba7a-d19a794077d2,fright.blog,available,2.98,32.98,medium,low,6,namecheap,,,17/09/2026 14:50
f3b6d063-198a-46eb-8494-4a9a19df70e6,begotten.blog,available,2.98,32.98,medium,low,8,namecheap,,,09/08/2026 09:11
2a39b8bf-0897-4f0c-9f69-833f6ce0f81d,bradstreet.blog,available,4.29,22.99,medium,low,10,namesilo,,,19/09/2026 10:16
7094ec9f-e3a8-4f94-a9b3-aeacaca8238a,redness.blog,available,2.98,32.98,high,medium,7,namecheap,,,09/09/2026 12:08
052934b6-7c87-4607-a228-83076f74fcab,curtiss.blog,available,4.29,22.99,high,low,7,namesilo,,,27/09/2026 12:50
07345ab1-f1d8-4d49-b537-2001e3d0b954,ruckle.blog,available,2.98,32.98,medium,low,6,namecheap,,,13/08/2026 07:12
4c1c6d19-26a4-4b4d-8f07-715fdd561da5,banian.blog,available,4.29,22.99,medium,low,6,namesilo,,,22/09/2026 02:05
12b3bdc0-cab7-47ac-af8a-0fb5701030ac,indictment.blog,available,2.98,32.98,medium,low,10,namecheap,,,23/09/2026 16:05
f7cc34fd-cbf4-4624-8e9a-35feefed1fe1,suite.blog,premium,53.92,242,high,low,5,namesilo,,,26/09/2026 00:45
3971b78f-23e1-4cd2-9656-f525449c44f2,flack.blog,available,2.98,32.98,high,low,5,namecheap,,,
1057717d-999e-4d07-bcb8-34ad0afd0a07,mortified.blog,available,2.98,32.98,medium,low,9,namecheap,,,18/08/2026 20:17
d24ce202-a457-4a6b-894e-90ec905c6b69,donald.blog,premium,162.5,650,high,low,6,namecheap,,,25/09/2026 18:48
7d31f98f-e39e-4d10-92b7-e5b42a217624,catkinate.blog,available,2.98,32.98,medium,low,9,namecheap,,,11/08/2026 22:09
4ab667c3-e302-4290-a57b-b65fd2b47f17,collapsing.blog,available,4.29,22.99,low,low,10,namesilo,,,20/09/2026 17:39
f01fde17-6ae4-4bfc-9fe9-4984641d7dc3,beshrew.blog,available,5.99,37.99,medium,low,7,name.com,,,13/08/2026 16:19
4b8a05c2-1421-47c6-85fa-4e6dc5c4fdb2,diatonic.blog,available,2.98,32.98,medium,low,8,namecheap,,,14/08/2026 06:21
e2a4164f-c95c-495c-ac04-23313ed881f5,minister.blog,premium,162.5,650,high,low,8,namecheap,,,24/09/2026 20:20
96bc7975-fb10-4109-8afa-87e9402af059,impede.blog,available,2.98,32.98,medium,low,6,namecheap,,,21/08/2026 09:28
5d09929f-02af-4121-a46d-4f662a2abb1c,dispatcher.blog,available,2.98,32.98,high,low,10,namecheap,,,24/09/2026 22:52
f4b8b240-6b1f-4331-9c0a-e5b9dcd8cd8c,felix.blog,premium,,,high,medium,5,,,,27/09/2026 19:26
f2223979-a0a3-4204-a1e7-6f597e359efc,castrate.blog,available,2.98,32.98,medium,low,8,namecheap,,,16/08/2026 07:07
d2f75bc7-2a18-487a-b9c0-f266ef613fa0,antonym.blog,available,2.98,32.98,medium,low,7,namecheap,,,04/09/2026 16:48
9ebc8c56-971a-4dc2-ae89-eb2b24ed35d9,candied.blog,available,2.98,32.98,medium,low,7,namecheap,,,11/08/2026 16:48
2d5f055d-b3e8-4ac4-b429-f735940ca0f0,invariably.blog,available,4.29,22.99,medium,low,10,namesilo,,,
3aed4ec4-b628-41c1-beff-0087e830cf1b,sportsperson.blog,available,4.29,22.99,high,low,12,namesilo,,,16/09/2026 08:58
489ed77f-7f8e-4445-89ee-da3a555aa38b,fabricated.blog,available,2.98,32.98,medium,low,10,namecheap,,,17/08/2026 20:15
e9fbde52-a89f-4270-a97d-73c1e0b98e75,entered.blog,available,2.98,32.98,medium,low,7,namecheap,,,18/09/2026 11:17
beedf98c-6d43-4347-b872-74057c701a89,potbellied.blog,available,2.98,32.98,medium,low,10,namecheap,,,
5d46e0be-d27c-4d34-aeef-77a7a67befc3,horned.blog,available,2.98,32.98,medium,low,6,namecheap,,,21/08/2026 14:04
2b7316d8-0b92-4570-9acd-428e21aad205,sestet.blog,available,2.98,32.98,medium,low,6,namecheap,,,
f9c0a8e5-40e2-4d9a-947f-d98fe92bc822,negatively.blog,available,2.98,32.98,medium,low,10,namecheap,,,15/09/2026 16:24
1849e5e6-e3fb-43b8-b404-5851afdd8f0f,yummy.blog,premium,160,640,high,low,5,namesilo,,,14/08/2026 00:26
6f4107fa-d22d-4c1a-bffc-39c21d670bb1,bauxite.blog,available,4.29,22.99,medium,low,7,namesilo,,,22/09/2026 16:42
754efea6-4ad5-4185-8342-bcecfceab864,dealer.blog,premium,160,640,high,low,6,namesilo,,,22/09/2026 05:35
033291fb-75f5-4895-9e87-487211e953b6,dogwalking.blog,premium,65,260,high,low,10,namecheap,,,18/09/2026 19:10
990e6fcc-af86-4ee9-9fb2-4a385a5e62f3,bedlam.blog,available,2.98,32.98,medium,low,6,namecheap,,,22/09/2026 23:22
24a3c235-864b-4387-a378-da3ca661fcad,diagnosis.blog,premium,82.5,250,high,low,9,name.com,,,24/09/2026 22:08
6fe156ff-8779-4298-b7ed-4ff99878b67e,ablaut.blog,available,4.29,22.99,medium,low,6,namesilo,,,16/09/2026 16:06
2aaf8156-9466-48f8-9847-9e6748ebfe5b,consents.blog,available,4.29,22.99,medium,low,8,namesilo,,,20/09/2026 13:43
5e416160-46ff-4c62-8215-8d0666c92b5d,arhant.blog,available,4.29,22.99,medium,low,6,namesilo,,,20/09/2026 05:07
297f29f7-85b9-4c2a-b02b-2f527987a6c7,conceptual.blog,available,2.98,32.98,high,low,10,namecheap,,,12/08/2026 20:05
f52acef8-ef03-48c7-a35c-f5359824eafe,abaya.blog,available,4.29,22.99,medium,low,5,namesilo,,,16/09/2026 14:18
10d5f21d-cfcf-4a2d-9c69-47db63d56dbc,historied.blog,available,2.98,32.98,medium,low,9,namecheap,,,21/08/2026 09:53
a361c877-43e8-4941-b9f8-7249f9ca15b4,prate.blog,available,2.98,32.98,medium,low,5,namecheap,,,23/09/2026 23:29
ab8b9211-be0f-4754-91d0-ff8d2559ccee,airman.blog,available,2.98,32.98,high,low,6,namecheap,,,17/09/2026 13:10
a02110fd-f08f-4e8e-8b91-7bcfc9b6d827,chronic.blog,premium,53.92,242,high,low,7,namesilo,,,12/08/2026 07:24
dc2e3654-357e-47d3-a5b0-9e604b2cbeb7,withering.blog,available,2.98,32.98,medium,low,9,namecheap,,,
994c1393-3eb6-4426-8199-f1d9efee9fe0,were.blog,available,4.29,22.99,high,low,4,namesilo,,,
1dbed2de-ec68-488c-a73b-9463ab994ad0,lyndon.blog,premium,53.92,242,medium,low,6,namesilo,,,25/09/2026 16:09
081f8e43-ae57-49d0-8b72-22d86ce90f26,knotted.blog,available,2.98,32.98,medium,low,7,namecheap,,,20/08/2026 15:40
319527ea-2384-4c40-9853-11187b92a7a8,city.blog,premium,3146.25,,high,medium,4,name.com,,,
e62a7e7e-e0b5-484b-84c2-3ac968111832,chunky.blog,available,2.98,32.98,high,low,6,namecheap,,,12/08/2026 07:44
6a3156fd-db02-49e3-b382-a51aae66543a,imitation.blog,available,2.98,32.98,high,low,9,namecheap,,,18/08/2026 00:14
437e6c6e-08e5-4b6a-934b-418d46c68c35,billet.blog,premium,53.92,242,high,low,6,namesilo,,,23/09/2026 10:14
70b9baf1-8b67-43d2-8ecf-949561e0d12b,landing.blog,available,,,high,low,7,,,,
45151c23-f38b-406d-9a5f-e902a066fd5a,sundress.blog,available,5.99,,high,low,8,name.com,,,
67c79c11-d003-48c4-9c51-dbff3e734716,infant.blog,premium,160,0.99,high,low,6,namesilo,,,
eb7b3f17-4429-40ab-ad07-f09904b5a0a8,polytonal.blog,available,2.98,32.98,medium,low,9,namecheap,,,08/09/2026 23:33
33f4a26a-6ba4-46bc-bd12-2f2590117034,emotion.blog,premium,640,2660,high,low,7,namesilo,,,
b5e47c65-0f18-4c4a-afd0-28c51ee899d5,explained.blog,resell,,,medium,low,9,"Spaceship, Inc.",17/02/2026 22:05,17/02/2027 22:05,26/09/2026 05:57
b3e2ef89-b9c9-4c9c-ade7-4bc3c3761da9,solution.blog,premium,640,2660,high,low,8,namesilo,,,
1e2127c5-847b-45cd-98ce-888ef8e017db,condolences.blog,available,4.29,22.99,medium,low,11,namesilo,,,
5c67f6ff-c7fa-4d91-a055-cf51af972498,scorch.blog,available,2.98,32.98,medium,low,6,namecheap,,,10/09/2026 00:51
2aae2b5b-00ac-4715-b29b-a1a797da05b9,covered.blog,premium,160,640,high,low,7,namesilo,,,24/09/2026 00:50
360f57ab-70b4-4c40-b19c-e4132a08772e,coerce.blog,available,2.98,32.98,medium,low,6,namecheap,,,20/08/2026 22:25
dec7d0a3-8f00-4990-b013-28248ef28626,lonely.blog,premium,160,0.99,high,low,6,namesilo,,,
65b6b1c2-8aee-4078-b434-fd607ef4b8e0,garrett.blog,premium,53.92,242,high,low,7,namesilo,,,25/09/2026 14:29
f8df104c-36ea-423d-83aa-47e5ed39cf05,valentine.blog,premium,650,2600,high,low,9,namecheap,,,26/09/2026 00:29
df3038f8-f864-4ef7-8aab-809a9c88fe98,retailing.blog,premium,160,640,high,low,9,namesilo,,,23/09/2026 07:59
0cd5ae8c-7224-4516-acfe-7c0a6f28d303,apocryphal.blog,available,2.98,32.98,medium,low,10,namecheap,,,06/08/2026 01:11
3786645a-542a-46bc-960c-7470d46509d6,orwellian.blog,available,2.98,32.98,medium,low,9,namecheap,,,04/09/2026 18:08
bc264491-2a14-41b2-b4a3-cafb4517b0f0,mistrust.blog,available,4.29,22.99,high,low,8,namesilo,,,24/09/2026 23:12
39d06492-66e0-4007-8141-d338d75c29b3,uncurbed.blog,available,2.98,32.98,medium,low,8,namecheap,,,12/09/2026 04:34
ce4c224d-1423-43e1-80d1-90b22d8095dd,carrying.blog,available,4.29,22.99,high,low,8,namesilo,,,
75d6c977-5ba4-45d1-9b54-42eb0454f637,biotite.blog,available,2.98,32.98,medium,low,7,namecheap,,,23/09/2026 19:13
0b07957f-57f0-47ad-84a6-3448e7e8b713,christie.blog,premium,53.92,242,high,low,8,namesilo,,,17/09/2026 16:30
61053d52-3f07-4cb0-a36a-3a4df1ad87d4,mockingly.blog,available,2.98,32.98,medium,low,9,namecheap,,,14/09/2026 12:02
53928d72-2391-45d5-93c7-bcde6c34208e,decadent.blog,available,2.98,32.98,high,low,8,namecheap,,,13/08/2026 20:50
0df7c162-f12c-47a3-b3f5-f32a72b0a707,changing.blog,premium,53.92,242,high,low,8,namesilo,,,23/09/2026 13:46
da0248cc-7cd5-444e-b61a-0300a283fd6e,yttrium.blog,available,2.98,32.98,medium,low,7,namecheap,,,20/09/2026 23:00
f5aafed8-882b-42a8-8fd8-478fce8320b0,luckily.blog,available,2.98,32.98,high,low,7,namecheap,,,13/09/2026 21:22
9db7fdaf-1270-401c-a078-2b735cc052b7,braky.blog,available,2.98,32.98,low,low,5,namecheap,,,11/08/2026 01:57
f001950c-365e-47ff-9fc1-f336e75e1352,winy.blog,available,2.98,32.98,medium,low,4,namecheap,,,13/09/2026 12:25
711ee5a2-7b6d-450c-a135-f6cc817c9fbf,shin.blog,premium,160,0.99,high,low,4,namesilo,,,
325f89df-13f1-482e-a0a2-bfa4f08af29f,surprise.blog,premium,175.7,700,high,low,8,namecheap,,,
3f0a4fb2-cd06-403f-9a55-9b7f22fb5ea2,resupine.blog,available,2.98,32.98,medium,low,8,namecheap,,,09/09/2026 15:30
08050e64-dbb5-43a5-b7ff-fa218dd3284c,acrodont.blog,available,4.29,22.99,medium,low,8,namesilo,,,17/09/2026 03:41
547bf881-3f3e-4735-ba91-63e4cc047646,scarlet.blog,premium,53.92,242,high,low,7,namesilo,,,10/08/2026 15:12
8093299d-cd57-4dcf-b4a6-57b994202351,agrology.blog,available,2.98,32.98,medium,low,8,namecheap,,,17/09/2026 19:36
18fde4d4-0868-401e-ac16-da5270926282,unclean.blog,available,2.98,32.98,medium,low,7,namecheap,,,14/08/2026 09:12
83029623-7acf-49e1-af3b-ce2903dbe457,animosity.blog,available,4.29,22.99,medium,low,9,namesilo,,,19/09/2026 09:20
51c1724c-66ee-49d5-8b0d-e175acd81a33,macdonald.blog,premium,160,640,medium,low,9,namesilo,,,25/09/2026 15:47
08e3e620-fa5b-4824-a94d-d700945eebb7,treble.blog,available,2.98,32.98,high,low,6,namecheap,,,14/08/2026 16:41
fca69cb1-dff0-4f1e-b082-7e02b6c38663,notify.blog,available,4.29,22.99,high,low,6,namesilo,,,
47c2acd0-2a11-4673-b322-a658ae66fea4,country.blog,premium,640,0.99,high,low,7,namesilo,,,
56269f31-4c6f-47ee-95d5-dc5e1571df0c,manageable.blog,available,4.29,22.99,high,low,10,namesilo,,,21/09/2026 15:48
662511db-7bac-4ac7-bfe6-0c00b7c5dcb1,rosie.blog,premium,160,640,high,low,5,namesilo,,,27/09/2026 19:47
b59b4457-a117-4c77-b605-ebdf9cfefa63,lunch.blog,premium,160,640,high,low,5,namesilo,,,
96978431-258d-446d-918d-8af3fdaa0c8b,font.blog,premium,650,2600,high,low,4,namecheap,,,22/09/2026 03:31
9414fc8e-ffaf-4259-a18f-e564513d3ca4,curtain.blog,premium,175.7,700,high,low,7,namecheap,,,
86748e0d-bacb-4f45-b95d-655fc7ac4d9a,peacefully.blog,available,2.98,32.98,high,low,10,namecheap,,,15/09/2026 19:23
29dd9d2e-f388-4324-893d-48bb04a925ab,heedful.blog,available,2.98,32.98,medium,low,7,namecheap,,,
78286459-b839-403f-abf5-2213a1e8963c,keyless.blog,available,2.98,32.98,medium,low,7,namecheap,,,22/08/2026 15:44
53173ffa-8cbd-4468-9060-8634a7f443b9,livid.blog,available,2.98,32.98,medium,low,5,namecheap,,,07/08/2026 02:24
6fe4a2ee-be4f-40c3-8504-7319b9a9ba19,overleaf.blog,available,2.98,32.98,medium,low,8,namecheap,,,15/09/2026 18:27
130dfb7f-0569-4a63-8d8b-1095b9cf5fb6,agreeably.blog,available,2.98,32.98,medium,low,9,namecheap,,,13/09/2026 18:22
aa6fea87-af87-4d75-a702-74d11208af8e,opalescent.blog,available,2.98,32.98,medium,low,10,namecheap,,,04/09/2026 15:43
e87dd266-311a-49c2-bdb4-9754170f41e7,keynesian.blog,available,2.98,32.98,medium,low,9,namecheap,,,22/08/2026 15:46
b1f066aa-c725-4623-b774-b95309287d21,ponderable.blog,available,2.98,32.98,medium,low,10,namecheap,,,12/08/2026 15:42
a67f599c-36b9-422d-a5c4-b4bf6595bc2b,gould.blog,premium,53.92,242,high,low,5,namesilo,,,25/09/2026 06:39
b5178aa8-5733-4e99-98c6-d7e6a222cac7,unusually.blog,available,2.98,32.98,medium,low,9,namecheap,,,15/09/2026 23:04
c8c5f27d-94c3-4ba6-ab63-c89d25769f23,anshar.blog,available,4.29,22.99,medium,low,6,namesilo,,,19/09/2026 12:12
255540c4-dfad-49fd-991e-00a227d7c067,isentropic.blog,available,2.98,32.98,medium,low,10,namecheap,,,22/08/2026 10:44
560ca567-46e1-46ff-8944-0c59710a0060,frozen.blog,premium,65,260,high,low,6,namecheap,,,24/09/2026 19:29
20ffbab4-46ff-4224-8881-69be3a180ebc,according.blog,premium,53.92,242,high,low,9,namesilo,,,
97bf008b-1f60-448d-931b-24dca33ceb50,beth.blog,premium,640,2660,medium,low,4,namesilo,,,23/09/2026 11:12
929ba3ac-193f-400b-a8b7-e3c2426fafe2,anunnaki.blog,available,4.29,22.99,medium,low,8,namesilo,,,19/09/2026 15:51
ce6df98b-db2a-4b50-9116-a0ace323e265,passed.blog,available,4.29,22.99,medium,low,6,namesilo,,,
ca21fb04-2c30-40ae-b518-a60d87b76576,tube.blog,premium,640,2660,high,low,4,namesilo,,,25/09/2026 22:34
822119be-44b0-40c0-b63b-f0b69a0991ae,strife.blog,premium,65,260,high,low,6,namecheap,,,24/09/2026 22:33
7bbb4bbb-027b-49f4-b76e-7dd1ca5f63ce,dreamily.blog,available,2.98,32.98,medium,low,8,namecheap,,,14/09/2026 14:15
5fb7a9dd-e80a-4b24-8438-6a66bc139e29,roadblock.blog,available,4.29,22.99,medium,low,9,namesilo,,,22/09/2026 08:30
b744e435-61fa-4ea5-85ce-42df53bc9199,bionics.blog,available,2.98,32.98,high,low,7,namecheap,,,23/09/2026 18:40
e82a5181-6169-4fbc-bdc0-a760d697afed,socialist.blog,premium,160,640,high,low,9,namesilo,,,10/09/2026 13:19
6a68b89d-bbf0-4f12-a0db-c91573b7a414,doubtless.blog,available,2.98,32.98,high,low,9,namecheap,,,14/09/2026 13:54
6dc343f2-2db2-4daf-ad1a-fb0768afe9c4,unshapen.blog,available,2.98,32.98,medium,low,8,namecheap,,,12/09/2026 19:33
6bb7d96d-cb60-4844-b8d7-6d0298e647c7,turtledove.blog,available,4.29,22.99,medium,low,10,namesilo,,,21/09/2026 04:53
8a40beb0-462f-4674-a1a4-d259e73eb8bd,maguey.blog,available,4.29,22.99,medium,low,6,namesilo,,,17/09/2026 16:37
5fc65056-26f8-4a0f-97fe-475934581521,monied.blog,available,2.98,32.98,medium,low,6,namecheap,,,25/08/2026 04:39
8d8a3157-508e-424c-8d42-875e7fe5532f,but.blog,premium,1625,6500,high,low,3,namecheap,,,25/09/2026 12:23
46924708-0515-4593-89a1-cb70208ade5d,polynomial.blog,available,2.98,32.98,high,low,10,namecheap,,,03/09/2026 10:48
bef1d7de-c8a3-487a-a7fe-8899a2362ef2,antwerp.blog,premium,160,640,medium,low,7,namesilo,,,19/09/2026 15:48
b04b0f59-4427-4361-92d8-65b9c955876d,msg.blog,premium,646.25,,high,low,3,name.com,,,
74dbbc13-16d8-480d-aeae-adee09f6d94e,enlivened.blog,available,2.98,32.98,medium,low,9,namecheap,,,17/08/2026 09:37
57a52d98-ac4a-4921-9395-e051135df845,donaldson.blog,premium,53.92,242,medium,low,9,namesilo,,,27/09/2026 01:45
65de7131-8d46-425c-bb38-49ef4b71a973,exuberant.blog,available,2.98,32.98,high,low,9,namecheap,,,14/08/2026 23:21
396cc6e6-ce83-4b5c-a1d5-cbf2023ce811,aardvark.blog,premium,53.92,242,high,low,8,namesilo,,,16/09/2026 13:21
672cdab3-d999-409f-9bd9-d392fbf8003c,toured.blog,available,4.29,22.99,medium,low,6,namesilo,,,20/09/2026 05:39
75a9e6ea-00b9-430f-bd2b-6e2c03b84dd9,biotech.blog,premium,645,2500,high,low,7,name.com,,,23/09/2026 19:06
3b9b2834-6c2a-462c-972e-c439b8ce09b8,hexangular.blog,available,2.98,32.98,medium,low,10,namecheap,,,21/08/2026 07:48
386911c9-94ba-40ce-b2a2-648517843f5d,affirmations.blog,available,4.29,22.99,medium,low,12,namesilo,,,21/09/2026 01:56
8b4dd98e-29da-4ff0-b593-1b72ecc3998b,oyster.blog,premium,160,640,high,low,6,namesilo,,,
919b626c-df80-4e59-ae8f-5bcfff01f8ba,reptile.blog,premium,160,640,high,low,7,namesilo,,,09/09/2026 14:41
36985a46-f127-4ac9-88cc-aebe7666a431,harold.blog,premium,53.92,242,high,low,6,namesilo,,,
be169a1e-c8fb-4526-acad-6138d39a3408,hobble.blog,available,2.98,32.98,medium,low,6,namecheap,,,23/08/2026 13:26
8872a9a1-61e5-4ca9-945f-68c515652ec5,aeriform.blog,available,2.98,32.98,medium,low,8,namecheap,,,
46c5f485-bfeb-446b-a4e1-53379cfe56b7,height.blog,premium,162.5,650,high,low,6,namecheap,,,25/09/2026 19:39
2f721c57-036c-4140-97df-841415f53390,aku.blog,premium,162.5,650,high,low,3,namecheap,,,18/09/2026 00:16
70769aef-6aa7-4de5-83c9-fc1390f9fbaa,sesotho.blog,available,4.29,22.99,medium,low,7,namesilo,,,22/09/2026 13:00
6dcbe5f9-d652-4d09-8a20-98aff51cb1a4,unequal.blog,available,2.98,32.98,medium,low,7,namecheap,,,22/08/2026 00:15
14319724-75f0-4396-b31f-0afc60032b9d,cleveland.blog,premium,160,0.99,high,low,9,namesilo,,,
3f6b2c3b-e4b5-4031-9b21-de19aeb640b4,cheetah.blog,premium,160,640,high,low,7,namesilo,,,17/09/2026 01:33
7d4ccec6-3dbe-4e68-abc2-e62e0c12ba4f,clogged.blog,available,2.98,32.98,medium,low,7,namecheap,,,12/08/2026 06:41
038d27f2-1291-4234-b149-175a4b431237,wassermann.blog,available,4.29,22.99,high,low,10,namesilo,,,21/09/2026 03:49
38441872-a954-4896-b2aa-bdcce91c2eb9,birth.blog,premium,640,0.99,high,low,5,namesilo,,,
0b206263-83bf-4d2d-b5ed-40afe589e283,anglia.blog,available,2.98,32.98,medium,low,6,namecheap,,,19/09/2026 06:45
83aa9d15-3d07-4216-a3bb-80e47de00688,takes.blog,premium,70,280,medium,low,5,namecheap,,,
64c3937d-2134-411c-bb2b-18b53a79ac57,sneeze.blog,available,4.29,22.99,medium,low,6,namesilo,,,
6bb74067-bfc6-469e-8a2b-649cb904fe77,abject.blog,available,2.98,32.98,medium,low,6,namecheap,,,
9707d5f4-d182-42e2-8ebf-db9eb2d8cf20,ulnar.blog,available,2.98,32.98,medium,low,5,namecheap,,,11/09/2026 22:45
efc76dba-4d15-49a8-baec-9a47f2b09830,drops.blog,premium,160,640,medium,low,5,namesilo,,,18/09/2026 04:47
757eb6d0-da29-44b9-807b-b6fd16cd52fe,dreamer.blog,premium,160,640,high,low,7,namesilo,,,24/09/2026 23:59
89df6bbe-2213-499d-ad8a-9c280f4930c3,primordial.blog,premium,53.92,242,high,low,10,namesilo,,,09/09/2026 02:06
6b65d806-ed82-4660-a132-a042b092b0c8,thwart.blog,available,2.98,32.98,medium,low,6,namecheap,,,09/09/2026 08:15
ce25f495-5c11-4494-af38-6658ef15be84,victim.blog,premium,160,640,high,low,6,namesilo,,,
613915ca-3983-402e-85c1-1c2108a616f6,edged.blog,available,5.99,37.99,medium,low,5,name.com,,,13/08/2026 13:14
7150ce8b-e366-4bb0-b576-e40169882d6f,sanitary.blog,premium,65,260,high,medium,8,namecheap,,,09/09/2026 21:16
5ae2f1e1-e3ea-4af6-8a47-572a528b3c93,agonist.blog,available,2.98,32.98,medium,low,7,namecheap,,,17/09/2026 18:56
807172ba-6d1c-4453-8afb-52faeddd7afd,experimental.blog,available,4.29,22.99,high,low,12,namesilo,,,
5ab106c6-3a80-4339-945e-7eb61e298961,radios.blog,premium,640,2660,medium,low,6,namesilo,,,18/09/2026 23:09
656981d8-8896-4f89-9d2f-9b670ea99e8a,alger.blog,premium,53.92,242,medium,low,5,namesilo,,,18/09/2026 06:56
1c4c9048-7440-4294-b2ee-bbaa7758930c,upton.blog,available,2.05,20.18,medium,low,5,spaceship,,,27/09/2026 11:29
6e8d25b4-4649-4b21-b444-f5806b5465fd,devote.blog,premium,53.92,242,high,low,6,namesilo,,,
940d5662-3b03-4edf-a3ba-799e0b393c1a,nub.blog,premium,53.92,242,high,low,3,namesilo,,,14/09/2026 23:53
1ef46a1b-6d3d-44bb-bacb-b9c793b35bd9,calando.blog,available,2.98,32.98,medium,low,7,namecheap,,,11/08/2026 13:34
16ed95b9-95e1-426d-a75c-a9526b9ba7be,leukaemia.blog,available,4.29,22.99,medium,low,9,namesilo,,,24/09/2026 11:59
e0f4fc50-32c9-4949-bd51-4c27a29e80b3,enormous.blog,available,2.98,32.98,high,low,8,namecheap,,,17/08/2026 09:42
5b9f4b86-bbff-4838-a6a3-b301e5b88873,bandoneon.blog,available,4.29,22.99,medium,low,9,namesilo,,,22/09/2026 01:29
b3d5c023-a07c-45c7-9b40-9a5a9a7f3664,discreetly.blog,available,2.98,32.98,medium,low,10,namecheap,,,14/09/2026 13:04
0e16d913-025d-4ce0-a053-5c795ce4e1ab,operating.blog,available,2.98,32.98,high,low,9,namecheap,,,04/09/2026 16:26
d9350095-537a-4686-9dd4-6aabf30f3b86,aptness.blog,available,2.98,32.98,medium,low,7,namecheap,,,19/09/2026 22:03
0b15cbde-aa06-42d8-b317-96265e916900,intestate.blog,available,2.98,32.98,medium,low,9,namecheap,,,22/08/2026 08:24
0ba13c27-9274-4c3a-b70c-1c1cf59d6481,twofold.blog,available,2.98,32.98,medium,low,7,namecheap,,,14/08/2026 16:39
69c83a6c-4ca4-476c-8c9e-cbc990650819,teacher.blog,premium,640,2660,high,low,7,namesilo,,,
85c707ee-9ad4-4572-a15a-42fea2282f5f,trophy.blog,premium,53.92,242,high,low,6,namesilo,,,
f365d9c1-3d5c-4d87-8102-35fcc121733f,halt.blog,premium,53.92,242,high,low,4,namesilo,,,24/09/2026 01:49
fd785964-b4f0-46a8-9bf2-2971a0fb21a8,sinister.blog,available,2.98,32.98,medium,low,8,namecheap,,,24/08/2026 20:02
5fd6914a-f27c-4625-b548-3bc687d044d1,auc.blog,premium,160,640,high,low,3,namesilo,,,21/09/2026 02:37
38369523-aa20-47c0-8523-b62606233692,meant.blog,available,2.98,32.98,medium,low,5,namecheap,,,25/09/2026 16:51
fdf4d605-147a-4f2d-af5f-fffedd343921,topologic.blog,available,2.98,32.98,medium,low,9,namecheap,,,11/09/2026 17:52
baf403a7-4850-4582-9798-ec0c54288153,ado.blog,premium,640,2660,high,low,3,namesilo,,,17/09/2026 09:17
90c39407-5229-47f1-b1ca-bdbe28828b52,spiraling.blog,available,2.98,32.98,medium,low,9,namecheap,,,12/08/2026 16:12
3c1cb809-7a37-4b53-a200-81e1d7a9ec85,emollient.blog,available,2.98,32.98,medium,low,9,namecheap,,,14/08/2026 01:39
81479222-95d3-4696-9472-75df7ea3d6b8,vernacular.blog,available,2.98,32.98,high,low,10,namecheap,,,13/09/2026 04:07
5db6cc66-31df-4658-b04a-533103d5267e,reformist.blog,available,2.98,32.98,high,medium,9,namecheap,,,09/09/2026 12:42
c7095994-9d14-4e2b-a430-a3594dac37fe,airy.blog,available,2.98,32.98,high,low,4,namecheap,,,
efcc5624-680a-4e03-baa5-67e66d83431d,tornado.blog,premium,175.7,700,high,low,7,namecheap,,,
289726e0-36ba-4da8-9d90-3a12ba035bda,syntactic.blog,available,2.98,32.98,medium,low,9,namecheap,,,11/09/2026 06:39
2c6f97a1-ca0d-41fd-a07c-837c5e3d0fc5,motorist.blog,available,4.29,22.99,high,low,8,namesilo,,,21/09/2026 07:26
939a112d-2ccc-4932-84b7-46f7d58cd1ca,jewish.blog,premium,160,640,high,low,6,namesilo,,,25/09/2026 11:48
7ebafed3-c385-48eb-a156-7ebd1d787141,pairs.blog,available,4.29,22.99,medium,low,5,namesilo,,,16/09/2026 14:58
3e64e169-f7a0-4e19-bb77-4013ab59e056,actinon.blog,available,2.98,32.98,medium,low,7,namecheap,,,
e7cbe217-1025-4c8c-a97b-937364f7fcd5,engagement.blog,premium,160,640,high,low,10,namesilo,,,25/09/2026 10:18
b4f2653a-a6b3-4c34-8388-59e0aa241c3d,vacant.blog,available,2.98,32.98,medium,low,6,namecheap,,,13/09/2026 00:38
d2c30b02-b329-4a12-9253-91df14a7c82d,broad.blog,premium,53.92,242,high,low,5,namesilo,,,19/09/2026 06:03
1a1f5ec2-b988-4127-88c7-618fadfca13f,faa.blog,premium,640,2660,high,low,3,namesilo,,,25/09/2026 05:50
ca4691dc-e0ad-4ca6-9975-13d86890d1f5,orlando.blog,premium,650,2600,high,low,7,namecheap,,,25/09/2026 09:39
f7f89e5b-04fc-4f2f-837c-4f7de1f4721d,thirdhand.blog,available,2.98,32.98,medium,low,9,namecheap,,,11/09/2026 13:59
a169b54a-31a9-414c-a842-7b4b430c8330,reversely.blog,available,2.98,32.98,medium,low,9,namecheap,,,15/09/2026 23:37
98ce38e5-6466-4922-b004-315c477face5,girlish.blog,available,2.98,32.98,medium,low,7,namecheap,,,18/08/2026 23:59
2cc20a13-aff0-4990-96e7-eb20856ec2f8,janet.blog,premium,162.5,650,high,low,5,namecheap,,,25/09/2026 13:29
a9f8f520-8adc-4a8f-8c3a-1a3a48d2a6af,fourfold.blog,available,2.98,32.98,high,low,8,namecheap,,,18/08/2026 13:28
d2ffb2d3-4ced-487d-9cf5-5a32352120ea,classified.blog,premium,160,640,high,low,10,namesilo,,,19/09/2026 14:44
c902a436-dc7a-47b4-aa64-5b51e21bb3e8,tosh.blog,available,4.29,22.99,medium,low,4,namesilo,,,21/09/2026 23:54
de2a4b3c-8a91-4c3b-b8da-2c5e191c97d8,warily.blog,available,4.29,22.99,medium,low,6,namesilo,,,16/09/2026 11:20
939a1706-e71a-48b9-ba3e-7a9e533d4287,litre.blog,available,2.98,32.98,medium,low,5,namecheap,,,22/08/2026 17:09
cc09776a-d2e0-43f6-a7f1-50599a22270e,crust.blog,premium,53.92,242,high,low,5,namesilo,,,24/09/2026 14:05
5918fe42-2c5f-40be-8b01-fb85ca3a18f1,astrodome.blog,available,4.29,22.99,medium,low,9,namesilo,,,20/09/2026 17:37
e6ccefac-580b-4852-a590-81f5d6aee433,jeer.blog,available,2.98,32.98,medium,low,4,namecheap,,,22/08/2026 12:37
528f469f-afbc-4438-b03d-ca9742ddcc21,stinker.blog,available,2.98,32.98,medium,low,7,namecheap,,,11/08/2026 09:15
dc1b5faa-6e10-419c-822d-91f9a5b6152f,packages.blog,premium,53.92,242,medium,low,8,namesilo,,,19/09/2026 00:23
4551d0fc-c430-466c-9cc5-2342aeb77c90,walks.blog,premium,53.92,242,medium,low,5,namesilo,,,25/09/2026 16:37
7f9a1a93-7ab0-4f4f-91d3-e44a90b77d09,edmonton.blog,premium,160,640,high,low,8,namesilo,,,25/09/2026 22:33
1f01486a-fbe7-4f9d-a951-392f6d877037,cantaloup.blog,available,4.29,22.99,high,low,9,namesilo,,,24/09/2026 12:08
dd78c9e8-4584-4a10-90a2-47d11c320cae,raft.blog,premium,160,640,high,low,4,namesilo,,,25/08/2026 00:40
1b415ab8-50dd-475a-a468-07cf2f574260,meals.blog,premium,53.92,242,high,low,5,namesilo,,,18/09/2026 16:02
2eed580c-3362-4c80-a004-8a5c5d2498fa,paralyzed.blog,available,2.98,32.98,medium,low,9,namecheap,,,08/09/2026 01:29
2232cc87-6978-4331-97ae-84f0f9a4dcdc,maximal.blog,available,2.98,32.98,high,low,7,namecheap,,,24/08/2026 17:54
219d8b31-d507-434e-bff7-8167fcc614c8,erase.blog,available,4.29,22.99,high,low,5,namesilo,,,
2e99003b-f3da-4f82-a209-23d028591e33,cookies.blog,premium,640,2660,high,low,7,namesilo,,,27/09/2026 23:29
d4d2d0cf-8def-4745-86b7-87442570c2e5,hodges.blog,available,2.98,32.98,medium,low,6,namecheap,,,25/09/2026 19:37
c3b7554f-c94d-4f5d-a2f9-4886e023d67d,lingo.blog,available,2.98,32.98,medium,low,5,namecheap,,,13/09/2026 04:12
75d7c5d8-a772-484a-9d27-656daec6dd2c,guilt.blog,premium,70.7,280,high,low,5,namecheap,,,
a3811909-ae69-49e3-bc86-ebbc268a8cc0,shawn.blog,premium,53.92,242,high,low,5,namesilo,,,27/09/2026 15:48
46559b4c-f495-47da-a5e2-60a6afde927c,guinean.blog,available,2.98,32.98,medium,low,7,namecheap,,,20/08/2026 20:52
24f675d3-d7e0-4f91-a191-d6981f4d3ec1,adding.blog,available,4.29,22.99,high,low,6,namesilo,,,
5b10bbb3-e0b1-481b-b1c9-626df4f1cfa5,blackjack.blog,premium,640,2660,high,low,9,namesilo,,,24/09/2026 00:44
d022712e-2495-4a71-8e81-3a6cfc6cf6ed,acres.blog,premium,53.92,242,high,low,5,namesilo,,,17/09/2026 02:56
2488dede-5655-447b-814f-0e0767ab190a,thiamin.blog,available,4.29,22.99,medium,low,7,namesilo,,,19/09/2026 05:39
3b9864f1-03e0-41f0-9e7c-e56844e8a889,agone.blog,available,2.98,32.98,medium,low,5,namecheap,,,
8cf449b9-0254-4ddf-9b90-9bf550afcead,fort.blog,premium,160,640,high,low,4,namesilo,,,
9639f67d-a9a8-45f2-a1b5-aed4120ed571,list.blog,premium,1662.5,6900,high,low,4,namesilo,,,25/09/2026 13:18
e1e929c8-3714-4468-8679-73ea4e15d91a,chester.blog,premium,,,high,low,7,,,,28/09/2026 01:40
0a6332ec-0663-4f31-991e-c517c43e1faf,greens.blog,premium,175.7,700,high,low,6,namecheap,,,
cf7ae954-b38b-4823-9b44-ebf9d75fdc1c,quadruplex.blog,available,2.98,32.98,medium,low,10,namecheap,,,18/08/2026 13:26
3a2ee00b-c194-4755-8597-fba9998b153f,audibility.blog,available,4.29,22.99,medium,low,10,namesilo,,,21/09/2026 02:52
68609464-4071-46dc-a7a2-87153bd8cbfb,maturate.blog,available,2.98,32.98,medium,low,8,namecheap,,,24/08/2026 17:31
237bc44c-aef4-4799-aeb7-d2465e3cc7a0,imprudent.blog,available,2.98,32.98,medium,low,9,namecheap,,,21/08/2026 23:23
4f43c81e-d73c-4498-b1c3-133436ff33f4,blindly.blog,available,2.98,32.98,medium,low,7,namecheap,,,14/09/2026 00:21
385b5f65-26dc-4ac7-bbd9-4aa8a87b2b1b,astride.blog,available,2.98,32.98,medium,low,7,namecheap,,,13/09/2026 22:11
94579898-6445-47b3-8e28-9b6a386d9bdf,filling.blog,available,4.29,22.99,high,low,7,namesilo,,,25/09/2026 22:48
be2b9522-ad52-45e9-a907-f4af302f46ca,dawson.blog,premium,53.92,242,high,low,6,namesilo,,,25/09/2026 04:48
0cd55249-50e8-46c5-8fce-0d6aa03517b4,ramp.blog,available,4.29,22.99,high,low,4,namesilo,,,18/09/2026 11:33
b90b8b09-9377-4aa0-a912-b601a5bc64f2,transeunt.blog,available,2.98,32.98,medium,low,9,namecheap,,,11/09/2026 18:53
e36f45d7-ef1d-446e-a4b7-916cd68d1cdd,crafty.blog,premium,640,2660,high,low,6,namesilo,,,24/09/2026 01:24
5f8c0b41-465a-4552-a597-9af9a5046c01,sami.blog,premium,162.5,650,high,medium,4,namecheap,,,09/09/2026 21:06
6cab9802-14ef-4bff-b11e-9fd5e49e35dd,sere.blog,premium,65,260,medium,low,4,namecheap,,,14/08/2026 19:03
15de9d7a-ce57-4b34-8789-acc6b86870af,venal.blog,available,2.98,32.98,medium,low,5,namecheap,,,11/08/2026 03:46
5093ff3c-f8a6-4fb6-8b73-23d502c12f0c,fizzing.blog,available,2.98,32.98,medium,low,7,namecheap,,,18/08/2026 06:02
6a16d0ea-1c45-4a23-a07c-30ac4fbb89b0,divisible.blog,available,2.98,32.98,high,low,9,namecheap,,,14/08/2026 13:57
bed1e8a8-4a69-41aa-9465-bc91830ce379,ameboid.blog,available,2.98,32.98,medium,low,7,namecheap,,,
0d6b9f6d-4486-4de0-b605-7a717e59609f,elan.blog,premium,53.92,242,high,low,4,namesilo,,,20/09/2026 03:17
5fee6959-c6c2-4bc2-9f03-b95f027fbf53,akron.blog,premium,53.92,242,medium,low,5,namesilo,,,18/09/2026 00:14
e7fecb70-6636-4a4b-ab8a-eb95b0b31686,breathed.blog,available,2.98,32.98,medium,low,8,namecheap,,,11/08/2026 03:16
284fc81d-8d0a-4bec-b697-3e3e5fe9b5f6,bankia.blog,available,2.98,32.98,medium,low,6,namecheap,,,22/09/2026 02:48
35310fe7-a4c3-415e-9b7c-e722dfad17b7,rules.blog,premium,160,640,high,low,5,namesilo,,,
fcb149da-9d92-46fb-a01e-247128c7be47,enraptured.blog,available,2.98,32.98,high,low,10,namecheap,,,14/08/2026 23:46
c54cf5a8-5338-4f10-887a-888cb7aa7418,fashioned.blog,available,2.98,32.98,high,low,9,namecheap,,,17/08/2026 23:02
355c0f4c-3bc7-431e-ac17-7285dbc7e872,shipment.blog,available,4.29,22.99,high,low,8,namesilo,,,24/09/2026 12:59
9daa7e00-c887-4268-9c09-38601e700b52,tense.blog,available,2.98,32.98,high,low,5,namecheap,,,11/09/2026 11:26
4f0192fb-70ad-4cf1-baa4-fa82789b7929,deluxe.blog,premium,176.25,625,high,low,6,name.com,,,13/08/2026 19:11
1cc139f5-0e24-43f6-ab90-70ca3bc7344c,backspace.blog,resell,,,high,low,9,"Spaceship, Inc.",05/12/2025 15:42,05/12/2026 15:42,26/09/2026 04:12
17b6c44c-eca6-4952-980a-40cc4b9bc871,antiquark.blog,available,4.29,22.99,medium,low,9,namesilo,,,19/09/2026 15:02
a9e4e15c-40d7-4ce7-9ed7-1fea56e4459e,identified.blog,available,4.29,22.99,high,low,10,namesilo,,,25/09/2026 07:25
2e3507e1-7795-4372-bf91-5af60b9cd9ba,definitely.blog,available,4.29,22.99,high,low,10,namesilo,,,
f1e08536-bce2-494e-ab6e-5d969f18a94b,burnham.blog,available,4.29,22.99,medium,low,7,namesilo,,,27/09/2026 03:24
a65d5763-a24d-4e4e-a007-07e5e34a6c2f,wit.blog,premium,640,2660,high,low,3,namesilo,,,24/09/2026 08:03
fcd60df7-2d0e-4abb-a5f0-8e7d02c6f280,aphid.blog,available,4.29,22.99,medium,low,5,namesilo,,,19/09/2026 16:56
7ebe9dbc-974d-45e4-b571-6405976ed7dc,impeccable.blog,available,2.98,32.98,high,low,10,namecheap,,,18/08/2026 00:09
2f8618f4-9f10-41dd-bc6b-415b469013df,aphorism.blog,available,4.29,22.99,high,low,8,namesilo,,,19/09/2026 17:09
a4045486-ce69-4cca-be55-13c39edc0862,south.blog,premium,160,640,high,low,5,namesilo,,,27/09/2026 23:56
6bff1bee-87f5-472d-9f10-7a5d52e8ade6,cranial.blog,available,2.98,32.98,medium,low,7,namecheap,,,13/08/2026 04:49
95b0c332-4901-4f90-aacb-170be5d2b47d,hitherto.blog,available,2.98,32.98,medium,low,8,namecheap,,,13/09/2026 21:48
af5e553e-33be-4e55-ad36-e9f5d1d53284,arguably.blog,available,2.98,32.98,medium,low,8,namecheap,,,13/09/2026 20:45
a47167a4-37c3-429f-88d7-bc220809a440,ones.blog,premium,53.92,242,high,low,4,namesilo,,,
bc509ab8-f673-410c-abcf-f5d4c4764bad,tenths.blog,available,4.29,22.99,medium,low,6,namesilo,,,20/09/2026 23:51
2d54f411-e63a-4e76-a834-5eea1bf79be1,ruthless.blog,available,2.98,32.98,high,medium,8,namecheap,,,08/09/2026 20:06
3c65bfd8-825e-4258-86a1-a7e4ec1a2f73,inclusive.blog,available,2.98,32.98,high,low,9,namecheap,,,22/08/2026 01:35
c18f937d-6795-4781-ad67-0998423447a4,anger.blog,premium,70.7,280,high,low,5,namecheap,,,
12391b81-1e6c-4140-b17d-fd63178a54b3,bicentric.blog,available,2.98,32.98,medium,low,9,namecheap,,,09/08/2026 19:09
adb37da4-c359-471c-937c-50164b6bb6ae,warwick.blog,premium,160,640,high,low,7,namesilo,,,25/09/2026 05:09
4882360a-f8e8-4de7-ae1a-454104dfa0fa,unlikeable.blog,available,2.98,32.98,medium,low,10,namecheap,,,12/09/2026 00:56
d1381ab9-94db-4915-b530-fd0d2cb310c7,xeric.blog,available,2.98,32.98,medium,low,5,namecheap,,,13/09/2026 14:07
5961c983-a7f4-437b-8960-d3afb96be52f,positional.blog,available,2.98,32.98,medium,low,10,namecheap,,,09/09/2026 00:06
29beb015-8149-4870-8a4f-38b7728793d9,crushing.blog,available,2.98,32.98,high,low,8,namecheap,,,13/08/2026 09:13
d96c5c99-3dc2-42ef-be90-5c6e7bdbdcab,erratum.blog,available,2.98,32.98,medium,low,7,namecheap,,,24/08/2026 07:21
87b71e21-c880-47ca-b26d-10b653bd61d4,blabber.blog,available,4.29,22.99,medium,low,7,namesilo,,,23/09/2026 11:33
b911c4ca-59c8-4eed-85d8-95cbe4da44b4,equipt.blog,available,2.98,32.98,high,low,6,namecheap,,,17/08/2026 11:53
1e7b0946-72dc-4574-a16a-0d6831fad105,aucuba.blog,available,2.98,32.98,medium,low,6,namecheap,,,21/09/2026 02:47
74366721-7e0a-44c8-8ae2-cb25d2b26678,turgid.blog,available,2.98,32.98,medium,low,6,namecheap,,,10/08/2026 18:07
67069392-1828-40af-8b91-5e13ed98d8e3,rectified.blog,available,2.98,32.98,medium,low,9,namecheap,,,09/09/2026 11:55
8269ecdb-99fd-4a56-bf1c-aff269ebadb5,manful.blog,available,2.98,32.98,medium,low,6,namecheap,,,24/08/2026 14:46
00272260-bb05-4df5-a808-dbd0ce08a4f5,managing.blog,premium,640,2660,high,low,8,namesilo,,,
51d647bc-1fce-459f-8c57-235db1280913,uses.blog,premium,53.92,242,high,low,4,namesilo,,,25/09/2026 13:12
b3c984fc-2a3f-48bd-8b1c-99bebfbbbe45,blixen.blog,available,4.29,22.99,medium,low,6,namesilo,,,22/09/2026 07:24
f716b9e4-3829-4a31-bde7-314bbe5675dd,baltimore.blog,premium,650,2600,high,low,9,namecheap,,,22/09/2026 00:19
0eb0a46d-04c0-4529-8778-88326809b99d,criticise.blog,available,4.29,22.99,high,low,9,namesilo,,,
e62c56d2-80a5-4f2a-8a3c-dbb7a51a02e7,unwavering.blog,available,2.98,32.98,high,low,10,namecheap,,,18/08/2026 05:12
a28c3732-7ef9-4313-af52-9b6991f5ccf5,purposeful.blog,available,2.98,32.98,high,medium,10,namecheap,,,09/09/2026 06:25
6e5d3242-9f3c-477f-8574-0725288080f7,nationwide.blog,premium,160,640,high,medium,10,namesilo,,,24/09/2026 00:32
108cf153-b953-43f3-8b53-df2eef5c66dc,matted.blog,available,2.98,32.98,medium,low,6,namecheap,,,24/08/2026 16:52
17960d57-80a1-44bd-bc67-c6c201d16702,mistreated.blog,available,2.98,32.98,medium,low,10,namecheap,,,21/08/2026 19:35
3bc676af-7446-45a2-938b-e491769d79ef,actinic.blog,available,2.98,32.98,medium,low,7,namecheap,,,
d306cce9-2e4f-4843-9cfe-a9bd5aa6e277,tragedy.blog,premium,53.92,242,medium,low,7,namesilo,,,24/09/2026 11:39
33f2b591-a3d0-4336-a2a6-ac57d0b4b7d7,advise.blog,resell,,,high,low,6,,,,27/09/2026 03:36
ef150cd7-941f-4c00-9a9d-d3c6c6565ff8,durer.blog,available,4.29,22.99,medium,low,5,namesilo,,,18/09/2026 03:18
d80b1aff-09ac-47cc-be10-51b5684c6a7c,crime.blog,premium,650,2600,high,low,5,namecheap,,,24/09/2026 19:24
f325ffb8-97d0-4a7b-8777-19cad7454f34,deafened.blog,available,5.99,37.99,medium,low,8,name.com,,,13/08/2026 19:52
153ee0d1-bcd0-495e-b24b-a91a5d749ad7,adrian.blog,premium,640,2660,high,low,6,namesilo,,,17/09/2026 09:59
e2510a02-0d18-4ec4-a99e-a325e2df8b1a,wakening.blog,available,4.29,22.99,high,low,8,namesilo,,,
2a078b85-fc0e-419c-b218-46b6d1279b96,oozy.blog,available,2.98,32.98,medium,low,4,namecheap,,,04/09/2026 15:30
f3ce76da-f568-4c5b-8b6c-11dd55ef34fd,unbearable.blog,available,4.29,22.99,medium,low,10,namesilo,,,25/09/2026 10:28
b8f6cbdf-a110-4f5c-9905-986e953d6fec,debate.blog,premium,160,640,high,low,6,namesilo,,,24/09/2026 05:29
da35303b-46e8-4d56-97d0-08a8c6fcf08e,concluding.blog,available,4.29,22.99,high,low,10,namesilo,,,19/09/2026 15:36
0933e98d-6579-4cf0-a14a-c1283d5086c9,populous.blog,available,2.98,32.98,medium,low,8,namecheap,,,08/09/2026 23:57
62038a34-6eaa-4d0c-846a-c2a289ac114b,zhou.blog,premium,53.92,242,high,low,4,namesilo,,,25/09/2026 22:14
d91c3696-8716-4764-87f5-724a8246a0d0,combined.blog,available,2.98,32.98,high,low,8,namecheap,,,12/08/2026 18:36
3f22895b-ce45-4a77-a88c-9a26807d7af8,nonviable.blog,available,2.98,32.98,medium,low,9,namecheap,,,03/09/2026 21:02
41fb61d2-22d4-440e-af88-c7ddc5d775d3,bight.blog,available,4.29,22.99,medium,low,5,namesilo,,,23/09/2026 15:12
f59aed04-a67d-4ad4-b5a7-7d73c953e629,artiste.blog,premium,65,260,high,low,7,namecheap,,,20/09/2026 11:55
06412051-65a4-4e01-a237-a0adb3531ef3,spread.blog,premium,650,2600,high,low,6,namecheap,,,23/09/2026 15:42
faf324f6-7d8d-455c-92eb-476fa8e1af10,fodder.blog,available,4.29,22.99,medium,low,6,namesilo,,,24/09/2026 12:05
6c3ac95b-e0fb-4b16-a0ad-3b6e2d0e00c6,distributions.blog,available,4.29,22.99,medium,low,13,namesilo,,,25/09/2026 21:52
8e178f01-afd9-4338-8c6d-1311a066dcc7,scenic.blog,available,2.98,32.98,high,low,6,namecheap,,,09/09/2026 22:58
dbcfd96a-b7a8-4d05-a93b-870696830b34,onside.blog,available,2.98,32.98,medium,low,6,namecheap,,,04/09/2026 15:17
5be32b6f-7795-443b-91f0-691dd6de7944,grandly.blog,available,2.98,32.98,medium,low,7,namecheap,,,14/09/2026 22:02
b10ad81e-cdce-40bd-b396-463f10373bbf,inherent.blog,available,4.29,22.99,high,low,8,namesilo,,,23/09/2026 10:30
33304a58-8708-465b-a311-7a3020cc5176,anaemia.blog,available,4.29,22.99,medium,low,7,namesilo,,,
47bfca60-c884-415c-afa7-eaa7f150825f,dogsit.blog,available,4.29,22.99,high,low,6,namesilo,,,
9db7aeca-e958-4729-9a8f-4febb4624e0d,lendable.blog,available,2.98,32.98,medium,low,8,namecheap,,,22/08/2026 23:35
39ea39c8-b6d4-4e8f-a784-30984ef3dbc8,arbitral.blog,available,2.98,32.98,medium,low,8,namecheap,,,06/08/2026 12:48
9e43c148-dc35-496d-88e2-4c76dbd74341,infrasonic.blog,available,2.98,32.98,medium,low,10,namecheap,,,22/08/2026 04:48
09fd0168-708b-47a9-ae6e-591fbff20c26,round.blog,premium,53.92,242,high,low,5,namesilo,,,09/08/2026 05:09
cdf20675-4538-4447-a14e-06b2bdc1583f,winston.blog,premium,160,640,high,low,7,namesilo,,,25/09/2026 14:24
26b8f71e-48f3-49c9-9960-09c4db1a73bc,dentistry.blog,premium,160,640,high,low,9,namesilo,,,24/09/2026 21:55
a253f072-aaaf-49d9-9aa9-0a2eb115aed1,toying.blog,available,4.29,22.99,high,low,6,namesilo,,,
9497a5e7-6136-42d2-8065-ca2a73aa9814,resole.blog,available,2.98,32.98,medium,low,6,namecheap,,,10/09/2026 13:33
f012ff31-2b8d-42f2-99f9-4b7100b7b407,ohmic.blog,available,2.98,32.98,medium,low,5,namecheap,,,04/09/2026 01:46
35683fb8-e48e-47cc-8afb-6776ae9d7ead,bookmark.blog,premium,162.5,650,high,low,8,namecheap,,,24/09/2026 07:12
aa1f1524-74ad-4dc0-a5d7-0f8a0ea5e83b,mill.blog,premium,160,640,high,low,4,namesilo,,,
7b697fc1-dd78-4a1c-a058-f2bc30b4c131,bypast.blog,available,2.98,32.98,medium,low,6,namecheap,,,11/08/2026 12:08
80bacb96-cdf7-4f34-8b26-752b63fe5eb6,columbine.blog,available,4.29,22.99,medium,low,9,namesilo,,,19/09/2026 23:13
1abeee67-01aa-41fb-83ee-9215daca4c21,motorsports.blog,premium,160,640,high,low,11,namesilo,,,17/09/2026 11:52
64caa8b1-959a-4a38-811d-1e037e8e998e,prices.blog,premium,70,280,medium,low,6,namecheap,,,
4c7aa582-f9f0-4c08-b221-b7c78300aba5,die.blog,premium,646.25,,high,low,3,name.com,,,
d40f85e5-3d5e-4244-a311-43de9969182e,vertebral.blog,available,2.98,32.98,high,low,9,namecheap,,,13/09/2026 04:33
6cbbd815-2cc1-4074-833c-06d93fcdda97,causally.blog,available,2.98,32.98,medium,low,8,namecheap,,,14/09/2026 06:01
3dfa4b4d-8471-4670-9253-c472b25a6efb,provides.blog,available,4.29,22.99,medium,low,8,namesilo,,,16/09/2026 11:52
76e8f661-7b3e-4fa7-a92a-8056f2981a0a,thanks.blog,premium,70.7,280,high,low,6,namecheap,,,
8ccecdee-3123-4717-9ea2-ea728a23a349,tarry.blog,available,2.98,32.98,medium,low,5,namecheap,,,09/09/2026 15:16
7c110cba-a3c7-488c-a426-f08ee1343b4f,mythologic.blog,available,2.98,32.98,medium,low,10,namecheap,,,03/09/2026 12:33
534a2adc-7c99-488d-9859-da279d95afe2,depressing.blog,available,2.98,32.98,medium,low,10,namecheap,,,12/08/2026 03:50
8c13cd25-5284-46b2-bb58-b0fb8ca00e7b,laterally.blog,available,2.98,32.98,medium,low,9,namecheap,,,15/09/2026 10:56
533a4cf5-a459-4f80-a7d1-c80e42beaf9b,bae.blog,premium,160,640,high,low,3,namesilo,,,
3b5c90ef-fa0f-4fb9-8e0d-6e72f0860a3d,imperial.blog,premium,160,640,high,low,8,namesilo,,,21/08/2026 22:11
e0e56a4d-737a-4e1b-9585-bb5916d4f389,belem.blog,premium,53.92,242,medium,low,5,namesilo,,,23/09/2026 04:51
9541b398-3824-4264-9839-d0c358c90222,neoplastic.blog,available,2.98,32.98,medium,low,10,namecheap,,,03/09/2026 15:29
8ee89fdb-12a1-4f34-bf6a-8ba091579286,harrowing.blog,available,2.98,32.98,medium,low,9,namecheap,,,
b720124e-ca14-4701-956b-73e407d2602a,rockford.blog,premium,53.92,242,high,low,8,namesilo,,,27/09/2026 15:41
c5356606-a069-486a-999d-2d34aed55241,fazed.blog,available,2.98,32.98,medium,low,5,namecheap,,,10/08/2026 21:00
d007cbe0-8e07-4f05-ab5b-560598479692,scythian.blog,available,2.98,32.98,medium,low,8,namecheap,,,10/09/2026 00:28
8967f6d1-7325-4f16-b3fe-10bb66475b18,strenuous.blog,available,2.98,32.98,medium,low,9,namecheap,,,10/09/2026 21:45
ae9fdcac-4f59-4fdf-8a70-e8c82773aef2,wyatt.blog,premium,65,260,high,low,5,namecheap,,,25/09/2026 07:54
79a1a96f-93a8-485f-bb6c-205a10c4ef80,secretly.blog,available,2.98,32.98,medium,low,8,namecheap,,,15/09/2026 06:37
04739124-9a92-4fc8-906b-8d455a4bb554,kampala.blog,premium,53.92,242,medium,low,7,namesilo,,,24/09/2026 12:28
0661848f-f93f-4693-b78d-eb8a9ca50685,isolation.blog,available,4.29,22.99,high,low,9,namesilo,,,24/09/2026 16:00
a78f6b9d-f6d0-4407-9fe9-8f70891bd799,mockery.blog,available,2.98,32.98,medium,low,7,namecheap,,,22/08/2026 12:39
ca25c969-353a-4305-9e56-a0aec0a6ca1a,rightness.blog,available,4.29,22.99,medium,low,9,namesilo,,,19/09/2026 22:23
227c2d39-4866-4c19-a899-e2dd77ec1112,hardship.blog,premium,53.92,242,high,low,8,namesilo,,,17/09/2026 10:51
94a45873-164e-4890-9b57-024994557950,goofproof.blog,available,2.98,32.98,medium,low,9,namecheap,,,18/08/2026 10:41
a7d09fe1-dc9d-429c-b551-a7826fb8beac,ponds.blog,available,4.29,22.99,medium,low,5,namesilo,,,18/09/2026 22:37
1652651d-a7de-4082-95e9-9e6c8974c657,dias.blog,premium,160,640,high,low,4,namesilo,,,22/09/2026 09:17
ef8b4ce3-4d1f-48ec-9b7a-2ad7ab72ce93,filmed.blog,available,2.98,32.98,high,low,6,namecheap,,,18/08/2026 04:25
6d178c01-f7b9-4aad-9dcf-177666a049c7,cuddles.blog,available,4.29,22.99,medium,low,7,namesilo,,,21/09/2026 08:38
8aa7f432-64af-47cc-b135-338dc1d087e8,ammoniac.blog,available,2.98,32.98,medium,low,8,namecheap,,,
196843cc-ad49-4550-bb9f-94b3879cb4be,began.blog,available,4.29,22.99,medium,low,5,namesilo,,,
f9e21513-84b2-42b5-8931-d5dff206fa75,refreshing.blog,available,2.98,32.98,high,low,10,namecheap,,,11/08/2026 00:37
96296bcb-6308-4227-ba11-b568c53c692d,amnios.blog,available,4.29,22.99,medium,low,6,namesilo,,,18/09/2026 22:26
77cfe52c-5034-4d53-a1f0-e4166011be8b,strep.blog,premium,53.92,242,medium,low,5,namesilo,,,10/09/2026 22:28
4cd06ad8-7724-4110-94a0-57c5337c9ea5,songbirds.blog,available,4.29,22.99,medium,low,9,namesilo,,,21/09/2026 08:44
070d2a3b-2d7f-437a-a5e7-c808b1373ef6,clash.blog,premium,160,0.99,high,low,5,namesilo,,,
6ef0e888-f3a6-483f-a132-e7abcbd932e9,ricefield.blog,available,4.29,22.99,medium,low,10,namesilo,,,
272fca39-7b20-448a-8836-6bb7cdbd8916,twilight.blog,premium,162.5,650,high,low,8,namecheap,,,11/09/2026 21:38
bbbf1dfc-f6bc-42f4-916d-c64d32e7e9fe,bandsaw.blog,available,2.98,32.98,high,low,7,namecheap,,,22/09/2026 00:49
337dd75b-e935-4f3e-b966-7c388a5846cf,decisively.blog,available,2.98,32.98,medium,low,10,namecheap,,,14/09/2026 11:10
3b932727-e638-455f-8cb5-83b3b3319f4c,addend.blog,available,2.98,32.98,medium,low,6,namecheap,,,17/09/2026 06:41
2f2aebb3-a65c-43d3-9589-4657b696d645,arborist.blog,available,4.29,22.99,medium,low,8,namesilo,,,20/09/2026 00:51
0a2e993b-2745-4f75-aea2-ca84a75931c9,sanctuary.blog,premium,65,260,high,high,9,namecheap,,,20/09/2026 18:34
6a870600-71a7-42cd-80c8-1092c48314c7,banneret.blog,available,4.29,22.99,medium,low,8,namesilo,,,22/09/2026 02:54
4774ed6b-0c27-436b-8346-03c13b013b7a,attorney.blog,premium,640,0.99,high,low,8,namesilo,,,
648b1515-26cb-48d8-88da-ee39e9931ce8,sky.blog,premium,3146.25,,high,medium,3,name.com,,,
b078c87b-266d-46e6-a841-f3d2bcef976f,abbot.blog,available,4.29,22.99,medium,low,5,namesilo,,,16/09/2026 14:31
ca7d586e-7126-406c-b391-6c9111522b8c,complex.blog,premium,65,260,high,low,7,namecheap,,,23/09/2026 17:35
98a1fc42-5664-418d-b7e7-7d7c2f3fda4d,vexer.blog,available,4.29,22.99,medium,low,5,namesilo,,,19/09/2026 10:52
0f8ae9af-8f0a-491d-9759-b269ca0ab84e,sanction.blog,available,2.98,32.98,high,low,8,namecheap,,,03/09/2026 23:24
ea0e576d-bfcc-46ee-9bf5-9ab4cb319672,vacuous.blog,available,,,low,low,7,,,,
91ac12a4-393e-4979-b013-d1b998b528b3,protrusive.blog,available,2.98,32.98,medium,low,10,namecheap,,,09/09/2026 04:20
a9bed2cb-71de-4189-8edb-1a308e08a355,matchless.blog,available,2.98,32.98,high,low,9,namecheap,,,24/08/2026 17:00
38d3eb1a-1818-4c0f-937f-62c69fae0910,slithery.blog,available,2.98,32.98,medium,low,8,namecheap,,,10/09/2026 11:09
c1aa7f5c-16ba-4b7c-83ea-c6996ba76ec9,overtly.blog,available,2.98,32.98,medium,low,7,namecheap,,,15/09/2026 18:31
31bb87df-43e2-4c84-b169-d94955201adf,heralded.blog,available,2.98,32.98,high,low,8,namecheap,,,21/08/2026 06:51
b1c8bfc8-4493-4796-b3b1-289a08563814,rent.blog,premium,640,2660,high,low,4,namesilo,,,24/09/2026 13:47
c26afcee-84c5-45d8-96aa-3caa16223c32,hoggish.blog,available,2.98,32.98,low,low,7,namecheap,,,21/08/2026 10:16
6923445c-ed02-4a74-a4c7-2a9b2580de40,prosthetic.blog,available,2.98,32.98,high,low,10,namecheap,,,09/09/2026 03:55
264f9720-7e56-4169-8ece-909e8a4bfc6f,gingerly.blog,available,2.98,32.98,medium,low,8,namecheap,,,18/08/2026 23:55
a87d9b8f-0888-4794-80d7-0c4ce66426b1,wieldy.blog,available,2.98,32.98,medium,low,6,namecheap,,,13/09/2026 11:52
187fa9a4-f0fb-4718-8db1-6cc8b3baf50d,pretorian.blog,available,2.98,32.98,high,medium,9,namecheap,,,09/09/2026 01:00
49766ccc-524d-47a4-a623-8d27479d85be,threaded.blog,available,2.98,32.98,high,low,8,namecheap,,,11/09/2026 14:12
4aaa9326-dc8b-4d95-818d-42e72b494fba,unsheared.blog,available,2.98,32.98,low,low,9,namecheap,,,12/09/2026 19:44
0614ff51-0feb-4f0b-9150-32648d559906,ankle.blog,available,4.29,22.99,high,low,5,namesilo,,,19/09/2026 09:40
b34b3e43-d0cb-4b8a-95d4-c3c78b99d6fa,hungarian.blog,premium,640,2660,high,low,9,namesilo,,,21/08/2026 15:39
20a4519d-c785-4cdb-af3c-a5dae02b20f2,destitute.blog,premium,53.92,242,medium,low,9,namesilo,,,14/08/2026 04:32
fb61a831-5c9f-487f-a62b-6eb467f58654,audiotape.blog,available,4.29,22.99,high,low,9,namesilo,,,21/09/2026 03:01
63975e99-7677-414b-bfce-a0fcd49e0020,fungous.blog,available,2.98,32.98,low,low,7,namecheap,,,18/08/2026 18:30
d625c6fc-7c2c-4237-a7c6-c97ca931af99,blocking.blog,available,2.98,32.98,high,low,8,namecheap,,,28/09/2026 00:53
e6c022fc-afb5-4cf9-aaf1-b3d962c6cdd7,neonate.blog,available,2.98,32.98,medium,low,7,namecheap,,,03/09/2026 16:44
414f3c4e-207e-4036-a952-d9b25b7d2d82,dusts.blog,available,4.29,22.99,low,low,5,namesilo,,,21/09/2026 01:44
d59d0609-1c1e-430e-b78b-1c2cea221978,piglet.blog,premium,53.92,242,high,low,6,namesilo,,,19/09/2026 22:30
2ab3312a-84fb-4b1e-910a-f7c55dd27ab3,technique.blog,premium,175.7,700,high,low,9,namecheap,,,
79f02840-a369-412d-8a2f-d366f9935278,nuprin.blog,available,2.98,32.98,medium,low,6,namecheap,,,17/09/2026 11:20
3b90af6f-ebe3-4436-8040-23e7a80b90cc,apocalypse.blog,resell,,,medium,low,10,"Spaceship, Inc.",15/02/2026 22:09,15/02/2027 22:09,26/09/2026 03:56
d52f7062-2965-4cdb-9633-a5cb4ddf49df,ethyne.blog,available,4.29,22.99,medium,low,6,namesilo,,,17/09/2026 00:23
fe1e822a-c776-493d-924e-6819102ca3c9,penalties.blog,premium,70,280,high,low,9,namecheap,,,
5bd81a1b-c6eb-4eb2-a546-380e6722946c,unbent.blog,available,2.98,32.98,medium,low,6,namecheap,,,12/09/2026 01:50
9b51d2f0-537e-4bf0-9b33-cf92bc1b227c,muddled.blog,available,2.98,32.98,medium,low,7,namecheap,,,03/09/2026 10:22
979cc177-7e93-49f5-904e-28d19fe36669,drives.blog,available,4.29,22.99,medium,low,6,namesilo,,,25/09/2026 17:24
1418dc00-e008-43e1-846b-fd3385345314,profundity.blog,available,2.98,32.98,medium,low,10,namecheap,,,16/09/2026 18:38
d82b9a53-e940-4bc0-a9fd-64976bcf69d9,barefooted.blog,available,2.98,32.98,medium,low,10,namecheap,,,08/08/2026 18:59
23ce053b-a90f-4004-9995-6418326dba87,friend.blog,premium,640,0.99,high,low,6,namesilo,,,
c6b52ac1-5402-42b9-b5a8-2a1a4f68e6f0,racking.blog,available,2.98,32.98,medium,low,7,namecheap,,,09/09/2026 09:25
2f6bb64e-05f2-4bda-abca-511ab0119b84,quintette.blog,available,2.98,32.98,medium,low,9,namecheap,,,09/09/2026 09:00
cd67f88b-9355-4d0e-bc2a-43db548bbeaa,privately.blog,available,2.98,32.98,high,low,9,namecheap,,,15/09/2026 04:43
62cc403b-8958-40a0-a346-2131a03b7c27,bilges.blog,available,4.29,22.99,medium,low,6,namesilo,,,23/09/2026 15:54
30142085-4a3c-4f59-a0f8-6d873aa26882,bergman.blog,premium,53.92,242,high,low,7,namesilo,,,23/09/2026 09:21
4a1dfd2a-dcb9-46c3-a35f-67f91661af3e,commented.blog,available,2.98,32.98,medium,low,9,namecheap,,,18/09/2026 23:19
8d856435-94a8-42b6-9188-27fafde89514,clastic.blog,available,2.98,32.98,medium,low,7,namecheap,,,12/08/2026 09:56
bde8222d-d9cf-4d37-8870-82b9ef47159c,stripling.blog,available,2.98,32.98,medium,low,9,namecheap,,,
3bf33b05-71f1-4513-bd98-01435516a3a3,appeared.blog,available,2.98,32.98,medium,low,8,namecheap,,,27/09/2026 10:53
a4c43c3a-05ec-4c72-8707-a44b9bd2266a,ironclad.blog,available,2.98,32.98,high,low,8,namecheap,,,11/08/2026 02:30
eea51621-c904-41fc-bc6f-60620809ad2b,zoo.blog,premium,3450,13800,high,low,3,namesilo,,,26/09/2026 00:33
c23795cd-19a3-42ab-baee-33429fd7c910,aldose.blog,available,4.29,22.99,medium,low,6,namesilo,,,18/09/2026 04:38
f4447e16-4286-432b-880a-98f06bf89618,diverse.blog,premium,160,640,high,low,7,namesilo,,,14/08/2026 13:39
3d436f27-cb90-40e3-87f1-3863da4a9470,rugose.blog,available,2.98,32.98,high,medium,6,namecheap,,,09/09/2026 19:20
8ed9ddd2-19c1-4531-b3a2-01144b8415d3,affecting.blog,available,2.98,32.98,high,low,9,namecheap,,,
83f455af-c795-4d25-a457-f5f16a067e34,use.blog,premium,1583.75,,high,low,3,name.com,,,
871617fe-5423-4500-93ea-f9a55bb89440,plenary.blog,available,2.98,32.98,medium,low,7,namecheap,,,08/09/2026 21:06
3e8d97f8-7864-48ad-ab1b-e5702716369b,drunk.blog,premium,65,260,high,low,5,namecheap,,,14/08/2026 20:17
5035dc8b-373c-48f5-89d7-c24fdeb3511d,tending.blog,available,2.98,32.98,high,low,7,namecheap,,,11/09/2026 11:15
4b645f5f-9d81-4784-a7cf-fcf74c460e98,ferrous.blog,available,2.98,32.98,medium,low,7,namecheap,,,18/08/2026 02:09
912ed9a6-c513-4af7-9fc5-6f034aa0d355,given.blog,available,4.29,22.99,high,low,5,namesilo,,,24/09/2026 22:16
1c1e95f5-6453-4c8f-a74c-bb9ddc398335,drugs.blog,premium,160,640,medium,low,5,namesilo,,,25/09/2026 16:42
05dc4c70-3695-4600-8e2c-f30b222becce,graham.blog,premium,160,640,high,low,6,namesilo,,,23/09/2026 16:49
6094319e-5658-419e-b832-3daa44873e7e,ambulances.blog,available,4.29,22.99,medium,low,10,namesilo,,,21/09/2026 07:02
cd313666-7039-48b8-80df-b42a16e79bc2,garage.blog,premium,640,2660,high,low,6,namesilo,,,
8ca69d36-9a15-40b2-9508-eaabc1c43d78,cytotoxic.blog,available,5.99,37.99,medium,low,9,name.com,,,13/08/2026 14:44
9e31827f-9e51-4c6a-8e99-6951ee604db3,arrested.blog,available,2.98,32.98,medium,low,8,namecheap,,,17/09/2026 20:22
4d18ea45-2344-4beb-bf23-45b18ee0596a,cocaine.blog,premium,137.5,550,high,low,7,dynadot,,,27/09/2026 12:35
fb133ef0-fe6d-4caa-a1dd-7ebc033ffcf7,collapsed.blog,available,2.98,32.98,low,low,9,namecheap,,,20/09/2026 18:10
a67d5069-130e-4b81-b9d2-a6e87987c0e9,eased.blog,available,2.98,32.98,high,low,5,namecheap,,,
278a0af2-e756-4b45-8dea-6f8ad2a93a94,shucks.blog,available,5.99,37.99,medium,low,6,name.com,,,13/08/2026 16:16
7f769505-0dad-49eb-bf35-3ee27b4a49f8,four.blog,premium,650,2600,high,low,4,namecheap,,,21/09/2026 13:11
2fe60134-4cc5-49ec-bc32-dbda86d2d1dc,shivering.blog,available,2.98,32.98,high,medium,9,namecheap,,,10/09/2026 06:40
c2bc576c-2764-4f40-a78d-a7f1e2cabfd6,queensland.blog,available,4.29,22.99,high,low,10,namesilo,,,25/09/2026 10:12
9b304c34-8623-41d6-a1d6-6642d342d3a4,pal.blog,premium,1583.75,,high,low,3,name.com,,,
971af970-8d42-4c59-b79e-4e30607748a8,psychiatrist.blog,premium,160,640,high,low,12,namesilo,,,27/09/2026 16:44
26246dce-379f-4538-9238-7449289c0597,lateen.blog,available,2.98,32.98,medium,low,6,namecheap,,,22/08/2026 20:29
7980fea1-ee9f-4479-a2d6-82947e2bdb2c,reminded.blog,available,4.29,22.99,medium,low,8,namesilo,,,18/09/2026 03:00
1c7388fd-68ca-4e09-b321-64eb950fbe2b,afloat.blog,available,4.29,22.99,high,low,6,namesilo,,,24/09/2026 08:18
09ca50b1-f803-4349-aecf-e4df42472e02,hertzian.blog,available,2.98,32.98,medium,low,8,namecheap,,,21/08/2026 07:14
4e241bb0-d71b-4967-8993-bfc30e6f1953,vivacious.blog,available,2.98,32.98,high,low,9,namecheap,,,13/09/2026 05:07
5831877e-c6a0-4677-9fea-e39ab46eb66f,childly.blog,available,2.98,32.98,medium,low,7,namecheap,,,12/08/2026 05:14
e6173cd0-7a82-47e1-b5c0-25901030e421,continent.blog,premium,53.92,242,high,low,9,namesilo,,,11/08/2026 23:26
99522454-36f5-46fe-ab80-9dafd511e1e5,dewy.blog,available,2.98,32.98,medium,low,4,namecheap,,,09/08/2026 06:51
0df654dd-892d-4c8b-9f66-ae4f86ee476a,albanian.blog,premium,640,2660,high,low,8,namesilo,,,
7815138d-0a38-4c02-a8a1-684c8b2be64b,butterflies.blog,premium,160,640,high,low,11,namesilo,,,16/09/2026 12:02
0355e729-0807-42ed-a29f-c9579e63b0e0,crap.blog,premium,53.92,0.99,medium,low,4,namesilo,,,
14ff0879-5a6c-4b75-8da6-0e4aae81538a,jaw.blog,premium,160,640,high,low,3,namesilo,,,27/09/2026 03:31
a8a704bd-4d26-4b9c-8ad9-671b28706b32,investors.blog,premium,640,2660,high,low,9,namesilo,,,
cf5f929f-a767-43f0-bd6c-2e809841ad32,legerity.blog,available,2.98,32.98,medium,low,8,namecheap,,,17/09/2026 17:50
a6e836d6-7d8a-4ab2-9b6c-e9556bdf161a,frilled.blog,available,2.98,32.98,medium,low,7,namecheap,,,18/08/2026 15:49
b997b3fb-3b4e-4f81-98e0-fa05b8aed079,endermatic.blog,available,2.98,32.98,medium,low,10,namecheap,,,17/08/2026 00:58
63457b52-338c-4cbe-9c91-30fa83e585b3,seasick.blog,available,2.98,32.98,medium,low,7,namecheap,,,
a28ff608-adf7-4605-9f09-c17fbec888f7,coalescing.blog,available,2.98,32.98,medium,low,10,namecheap,,,12/08/2026 13:53
ec03f688-5ffa-43ef-9fe6-d21c9e222799,infected.blog,available,2.98,32.98,high,low,8,namecheap,,,22/08/2026 04:09
4f50369d-6ea8-40eb-be7a-7165030cc7c1,styling.blog,premium,650,2600,high,low,7,namecheap,,,17/09/2026 18:14
f021b459-3072-4abc-ace0-9c33922df71e,beacon.blog,premium,162.5,650,high,medium,6,namecheap,,,22/09/2026 19:12
df473d78-122f-4356-bf55-775366c5b812,suspended.blog,available,2.98,32.98,medium,low,9,namecheap,,,11/09/2026 04:55
250725d2-7c56-4dc6-9416-61520a2007fc,troubling.blog,available,2.98,32.98,medium,low,9,namecheap,,,14/08/2026 13:19
c98c5457-5a00-4b77-975f-da701ca3a316,stylistic.blog,available,2.98,32.98,high,low,9,namecheap,,,10/09/2026 23:19
3f03f32a-bb23-4d6a-bdda-b2183a20f661,chinquapin.blog,available,4.29,22.99,medium,low,10,namesilo,,,18/09/2026 10:57
d017fc3f-024f-41d4-ad45-0bd51d6d41c5,puffed.blog,available,2.98,32.98,high,low,6,namecheap,,,09/09/2026 05:37
658aae41-7d20-482b-87d0-c1e493522d47,libber.blog,available,2.98,32.98,medium,low,6,namecheap,,,18/08/2026 01:03
82563356-8e02-4755-9f61-c9df3cd31b1e,activase.blog,available,4.29,22.99,medium,low,8,namesilo,,,17/09/2026 05:09
a2147289-a466-409a-b268-3005d927a45e,dislike.blog,available,4.29,22.99,high,low,7,namesilo,,,
7f7d2c9f-a174-4321-a33e-3a8e9d85b520,lower.blog,premium,53.92,242,high,low,5,namesilo,,,
737a7652-657d-4fd3-afeb-aa276603bcf3,treasonous.blog,available,2.98,32.98,medium,low,10,namecheap,,,17/08/2026 21:20
3b7406ec-9b4b-467e-8efe-3b11102c0731,brooks.blog,premium,160,640,high,low,6,namesilo,,,24/09/2026 10:47
487d2628-13e7-4537-b6e7-d160583898a9,stuffed.blog,available,2.98,32.98,high,low,7,namecheap,,,10/09/2026 23:02
ccfe0c7b-cad1-4c0a-a551-b7a9a7fb513c,approving.blog,available,2.98,32.98,medium,low,9,namecheap,,,06/08/2026 08:49
64af7dad-3b11-4af3-9289-ef89a5f9d3d5,avidness.blog,available,2.98,32.98,medium,low,8,namecheap,,,21/09/2026 09:29
b793e5fa-c130-4126-bc78-e0747b13388c,diffused.blog,available,2.98,32.98,medium,low,8,namecheap,,,14/08/2026 07:08
58e780bb-3004-43ef-adbf-0baa79bbebf5,maidens.blog,available,4.29,22.99,high,low,7,namesilo,,,
271629a4-89cb-4543-a010-1e895bd726f4,determined.blog,available,4.29,22.99,high,low,10,namesilo,,,24/09/2026 07:38
c5aebc73-a1bc-4a4e-aaf8-48974fbb0ecb,williams.blog,resell,,,high,low,8,Dynadot LLC,06/02/2026 08:13,06/02/2027 08:13,26/09/2026 10:10
c9dbb203-d872-46a7-8d2e-37728bfa86e5,vendable.blog,available,2.98,32.98,medium,low,8,namecheap,,,24/08/2026 20:30
34b0eb6c-1663-453a-b311-63f468867c41,porter.blog,premium,160,640,high,low,6,namesilo,,,28/09/2026 01:41
ca304d70-b4e0-4da3-a02e-7bf4e38ad4e4,abetter.blog,available,4.29,22.99,medium,low,7,namesilo,,,16/09/2026 15:19
5e88cf92-d1f7-47f3-96e5-6e2149e7b3f3,inharmonic.blog,available,2.98,32.98,low,low,10,namecheap,,,14/08/2026 10:54
9d840892-b408-483d-a238-e551bfb71bb3,absurdly.blog,available,2.98,32.98,medium,low,8,namecheap,,,13/09/2026 16:46
60a52096-6ab3-4a49-a47e-4d13e9294fbd,transient.blog,available,4.29,22.99,high,low,9,namesilo,,,24/09/2026 14:26
ffaf9155-01d7-4e18-9c03-0b626dd50e65,grape.blog,premium,53.92,242,high,low,5,namesilo,,,25/09/2026 05:32
bb8c9bbc-3b40-480e-8267-84b1d56976a7,lachrymose.blog,available,2.98,32.98,medium,low,10,namecheap,,,14/08/2026 15:34
a5b0a8a8-5441-49fd-b45d-4981cebb945e,briskly.blog,available,2.98,32.98,medium,low,7,namecheap,,,14/09/2026 01:33
0d39e422-9576-4db8-ba68-480e23ca774d,herald.blog,available,4.29,22.99,high,low,6,namesilo,,,16/09/2026 22:39
412fabb5-5496-4be4-868a-0dfa557c5f90,glued.blog,available,2.98,32.98,high,low,5,namecheap,,,20/08/2026 15:12
16c354fa-9ccc-4b35-a352-bba674d6bb19,nate.blog,premium,160,640,high,low,4,namesilo,,,25/09/2026 13:42
ea39b147-2b0d-46a1-9755-7eea01e59e37,integrally.blog,available,2.98,32.98,medium,low,10,namecheap,,,15/09/2026 08:51
3f97e0a7-f863-425e-bd53-3800eccaafc5,albers.blog,available,2.98,32.98,high,low,6,namecheap,,,18/09/2026 02:34
fd861abf-1dfc-448f-b63a-9113152da59c,caring.blog,premium,160,640,high,low,6,namesilo,,,23/09/2026 13:03
deb17fd0-b140-471f-86fb-c1dc9749cb59,annulment.blog,available,4.29,22.99,medium,low,9,namesilo,,,16/09/2026 17:16
8e805242-b340-4198-afef-364bd929e222,palmate.blog,available,2.98,32.98,medium,low,7,namecheap,,,04/09/2026 23:55
7f9f7f45-4d9f-46fe-9ad2-7a64a0d25f59,romansh.blog,available,2.98,32.98,high,medium,7,namecheap,,,09/09/2026 18:31
ded06336-7dab-45e0-8fc2-29393a805410,tacking.blog,available,4.29,22.99,medium,low,7,namesilo,,,22/09/2026 12:46
f9309263-28c8-4c44-bc42-068c49fbdc8e,acervulus.blog,available,4.29,22.99,medium,low,9,namesilo,,,16/09/2026 23:44
c3cce1a4-0d76-401f-ac5c-f2f38b88b112,tortured.blog,available,2.98,32.98,medium,low,8,namecheap,,,
b6dbbfc0-35d7-4ce5-bdb4-4b2d74fda155,stat.blog,premium,160,640,high,low,4,namesilo,,,
81cedfa2-df1c-463f-bedb-eb747faef7ff,coyol.blog,available,2.98,32.98,medium,low,5,namecheap,,,17/09/2026 03:38
1405c369-3f24-4c51-a7b0-2cb4e64aba68,glowingly.blog,available,2.98,32.98,medium,low,9,namecheap,,,14/09/2026 21:48
907e5d0a-cdd3-4015-aacc-9f52746a45e0,doctorfish.blog,available,2.98,32.98,medium,low,10,namecheap,,,16/09/2026 20:58
913fa7cb-a0f4-4fac-b176-f0f424969d94,olfactive.blog,available,2.98,32.98,medium,low,9,namecheap,,,04/09/2026 02:13